date,tavg,tmin,tmax,prcp,snow,wdir,wspd,wpgt,pres,tsun,high
2020-01-01,4.3,1.7,5.6,0,0,272,25.6,,1007.6,,42.08
2020-01-02,4.3,1.1,9.4,0,0,218,13,,1013.2,,48.92
2020-01-03,8.1,7.2,9.4,3.6,0,243,7.6,,1009.5,,48.92
2020-01-04,8.4,5,10,6.1,0,13,13.7,,1003.3,,50
2020-01-05,4.6,2.2,5,0,0,311,32.4,,1009.4,,41
2020-01-06,2.9,0,6.7,0.5,30,243,20.5,,1014.6,,44.06
2020-01-07,5.1,1.7,6.7,0,0,353,14,,1015.7,,44.06
2020-01-08,2.5,-2.1,6.1,0,0,279,28.8,,1015.8,,42.98
2020-01-09,-1.8,-4.3,1.1,0,0,315,17.6,,1038.1,,33.98
2020-01-10,4.5,0.6,11.7,0,0,212,15.1,,1033.8,,53.06
2020-01-11,12.7,8.9,18.9,0,0,181,16.6,,1022.8,,66.02
2020-01-12,15.7,6.7,19.4,1.5,0,250,26.3,,1017.4,,66.92
2020-01-13,6.1,2.8,7.2,0,0,46,14.4,,1029.1,,44.96
2020-01-14,5.1,3.9,6.7,1.8,0,57,10.8,,1024.9,,44.06
2020-01-15,6.9,5.6,10,0,0,302,13.7,,1020.3,,50
2020-01-16,7.2,1.1,10,3,0,279,33.8,,1014.3,,50
2020-01-17,-1.5,-6,1.1,0,0,325,31,,1034.2,,33.98
2020-01-18,-4.7,-6.6,2.8,4.6,0,227,14,,1028,,37.04
2020-01-19,3.7,-2.1,6.1,0,0,283,27,,1008.2,,42.98
2020-01-20,-2.6,-6,0,0,0,325,27.7,,1023.6,,32
2020-01-21,-3.4,-6,0.6,0,0,327,14.8,,1030.3,,33.08
2020-01-22,-0.5,-3.2,3.9,0,0,346,5.4,,1030.7,,39.02
2020-01-23,3.3,-1,7.8,0,0,275,6.8,,1028.7,,46.04
2020-01-24,4.8,0.6,7.8,0,0,45,11.5,,1027.2,,46.04
2020-01-25,5.2,3.3,11.1,19.8,0,63,24.1,,1014.3,,51.98
2020-01-26,5.9,3.9,7.8,0,0,264,20.2,,1008.6,,46.04
2020-01-27,4.7,3.3,7.2,0,0,278,22,,1005.9,,44.96
2020-01-28,4.2,2.8,5.6,0,0,310,25.9,,1009.6,,42.08
2020-01-29,2.3,-0.5,4.4,0,0,348,19.4,,1017.8,,39.92
2020-01-30,-0.7,-3.8,1.7,0,0,39,13,,1025.9,,35.06
2020-01-31,2,0.6,5.6,0.3,0,58,10.4,,1025.6,,42.08
2020-02-01,3.8,2.8,5.6,0.3,0,55,7.6,,1012.8,,42.08
2020-02-02,3.9,1.7,6.1,1.5,0,275,14,,1001.6,,42.98
2020-02-03,6.7,2.8,13.3,0,0,243,14,,1008.3,,55.94
2020-02-04,8,3.9,14.4,0.3,0,55,8.6,,1008.9,,57.92
2020-02-05,6.9,3.3,11.7,0,0,27,16.6,,1015.2,,53.06
2020-02-06,3.5,1.7,5,14.2,0,53,18,,1003.6,,41
2020-02-07,4.7,0.6,14.4,7.4,0,341,29.2,,990.3,,57.92
2020-02-08,1.3,-1,4.4,0,0,273,22.7,,1019.9,,39.92
2020-02-09,1.6,-1,5.6,0,0,46,16.9,,1031.3,,42.08
2020-02-10,6.3,5.6,8.3,10.4,0,207,15.1,,1021.9,,46.94
2020-02-11,6.6,5.6,8.9,6.6,0,15,14,,1013.4,,48.02
2020-02-12,5.8,2.8,7.2,3.3,0,275,21.2,,1019.7,,44.96
2020-02-13,4.1,2.2,6.7,9.9,0,3,13.3,,1007.1,,44.06
2020-02-14,1.6,-7.1,4.4,0,0,317,28.1,,1024.2,,39.92
2020-02-15,-5.8,-9.3,-1,0,0,258,15.5,,1034.5,,30.2
2020-02-16,1.2,-1.6,6.7,0,0,236,10.4,,1021.8,,44.06
2020-02-17,6.3,3.3,10.6,0,0,349,11.5,,1023.7,,51.08
2020-02-18,4.8,2.8,8.3,0,0,52,15.8,,1022.6,,46.94
2020-02-19,6.4,0.6,8.9,0,0,317,23,,1022.4,,48.02
2020-02-20,0.7,-2.7,1.7,0,0,319,21.6,,1030.2,,35.06
2020-02-21,-2.1,-6,2.2,0,0,330,16.2,,1030.9,,35.96
2020-02-22,3.4,0,10,0,0,249,16.2,,1023.8,,50
2020-02-23,8.1,2.2,13.3,0,0,231,12.6,,1021.1,,55.94
2020-02-24,9.4,5,16.1,0,0,183,11.5,,1016.4,,60.98
2020-02-25,9.5,6.7,10.6,3.3,0,154,10.8,,1011.7,,51.08
2020-02-26,7.1,5.6,9.4,0.5,0,54,15.1,,1011.8,,48.92
2020-02-27,6,0,7.2,11.4,0,286,36.7,,1000.8,,44.96
2020-02-28,1.4,-1,5.6,0,0,262,29.9,,1010,,42.08
2020-02-29,0.9,-2.7,2.2,0,0,291,26.3,,1012.2,,35.96
2020-03-01,0.1,-3.2,6.7,0,0,302,21.6,,1019.8,,44.06
2020-03-02,7.4,3.3,13.3,0,0,188,16.6,,1014.4,,55.94
2020-03-03,11.8,9.4,15,7.4,0,201,15.5,,1004.2,,59
2020-03-04,10.8,7.8,13.9,0,0,278,29.5,,1006.5,,57.02
2020-03-05,8,4.4,11.1,0,0,273,20.9,,1018.2,,51.98
2020-03-06,5.8,3.3,7.2,3.6,0,54,20.2,,1012.5,,44.96
2020-03-07,4.8,2.2,8.3,0,0,345,23.4,,1021.3,,46.94
2020-03-08,7.1,2.8,15.6,0,0,269,16.2,,1029.2,,60.08
2020-03-09,14.2,7.8,22.2,0,0,223,18,,1026.2,,71.96
2020-03-10,16.1,12.8,19.4,0,0,225,21.2,,1017.7,,66.92
2020-03-11,11.7,6.7,13.3,0,0,14,13.7,,1018.3,,55.94
2020-03-12,7.7,5,10,0.5,0,47,14.8,,1020.4,,50
2020-03-13,11.7,6.1,21.1,6.9,0,259,25.9,,1011.9,,69.98
2020-03-14,10.5,6.7,12.8,0,0,310,23,,1024.9,,55.04
2020-03-15,8.4,5,12.2,0,0,5,15.1,,1030.1,,53.96
2020-03-16,4.6,0.6,6.1,0,0,63,22.3,,1034.3,,42.98
2020-03-17,7.3,5.6,12.8,3.8,0,160,14,,1022.6,,55.04
2020-03-18,9.3,6.7,11.7,0,0,203,15.5,,1029.9,,53.06
2020-03-19,7.8,5.6,11.1,25.9,0,63,15.5,,1024.6,,51.98
2020-03-20,12.6,8.3,25.6,0,0,199,17.6,,1014.3,,78.08
2020-03-21,12.3,5,18.3,0,0,352,21.2,,1023.7,,64.94
2020-03-22,4.3,1.1,6.7,0,0,53,21.6,,1036.4,,44.06
2020-03-23,3.7,2.8,5.6,36.6,0,70,23.4,,1027.4,,42.08
2020-03-24,6.2,2.8,12.2,0,0,351,16.6,,1019,,53.96
2020-03-25,6.4,5,7.2,0.3,0,51,25.2,,1018.5,,44.96
2020-03-26,7.6,3.9,15,0,0,333,13.7,,1015.3,,59
2020-03-27,13.3,10,20,0,0,306,10.1,,1010.6,,68
2020-03-28,9.5,7.2,10.6,10.7,0,53,18,,1018.8,,51.08
2020-03-29,7.3,7.2,8.9,0.3,0,51,29.5,,1014.1,,48.02
2020-03-30,7.6,5.6,10,1.8,0,53,12.2,,1013.7,,50
2020-03-31,7.1,5,9.4,1.8,0,89,14.8,,1015.8,,48.92
2020-04-01,7.3,3.3,12.8,0,0,28,20.2,,1009.1,,55.04
2020-04-02,9.3,4.4,14.4,0,0,325,31.7,,1005.2,,57.92
2020-04-03,9.9,7.8,11.1,2,0,341,29.9,,1004.8,,51.98
2020-04-04,10.9,7.8,15.6,0,0,64,14.4,,1014.6,,60.08
2020-04-05,11.1,8.3,17.8,0,0,140,10.1,,1016.4,,64.04
2020-04-06,12.6,8.9,18.9,1.5,0,349,14.4,,1015.4,,66.02
2020-04-07,14.4,11.7,18.9,0,0,268,14.4,,1011.7,,66.02
2020-04-08,12.9,9.4,17.2,5.8,0,63,11.2,,1001.3,,62.96
2020-04-09,11.2,6.7,14.4,6.6,0,218,23.8,,995.4,,57.92
2020-04-10,7.4,3.9,9.4,0.3,0,284,35.3,,996.9,,48.92
2020-04-11,8,4.4,13.3,0,0,286,22,,1011.8,,55.94
2020-04-12,11.4,6.1,16.7,0,0,141,16.9,,1020.2,,62.06
2020-04-13,13.8,11.7,20.6,43.7,0,192,30.6,,1007.2,,69.08
2020-04-14,13.1,8.9,15.6,0,0,290,20.2,,1015.7,,60.08
2020-04-15,9.2,6.1,11.7,0,0,301,20.2,,1014.1,,53.06
2020-04-16,8.4,4.4,9.4,0,0,281,29.9,,1018.1,,48.92
2020-04-17,6.4,3.9,10.6,1.3,0,266,17.6,,1022.3,,51.08
2020-04-18,6.8,5.6,8.3,5.1,0,16,16.9,,1009.4,,46.94
2020-04-19,10.1,5.6,17.2,0,0,228,19.8,,1010.7,,62.96
2020-04-20,12.2,9.4,13.9,0,0,0,11.5,,1004.3,,57.02
2020-04-21,11.1,5,15.6,8.4,0,220,24.8,,1001.7,,60.08
2020-04-22,6.5,3.3,10.6,0,0,299,29.2,,1010.7,,51.08
2020-04-23,7.4,5,10,3.3,0,344,12.6,,1017,,50
2020-04-24,8.2,6.1,10,12.2,0,35,19.4,,1008.1,,50
2020-04-25,11.3,6.1,17.8,0,0,71,9.4,,1016.5,,64.04
2020-04-26,9.5,6.1,10,1.8,0,56,25.6,,1012.1,,50
2020-04-27,7.2,4.4,9.4,0,0,355,23,,1012.4,,48.92
2020-04-28,10.4,6.1,18.9,0,0,322,14.4,,1019.2,,66.02
2020-04-29,10.6,7.8,13.9,0.3,0,76,20.2,,1022.7,,57.02
2020-04-30,12.6,9.4,17.2,22.1,0,125,30.2,,1016.2,,62.96
2020-05-01,14.6,12.8,18.9,5.6,0,138,14.8,,1005.9,,66.02
2020-05-02,16.6,11.7,22.8,0,0,303,18.4,,1012.6,,73.04
2020-05-03,19.7,12.8,27.2,0.8,0,223,15.8,,1007.5,,80.96
2020-05-04,19.5,10.6,22.2,0,0,330,24.5,,1005.6,,71.96
2020-05-05,12.1,8.3,17.8,0,0,311,16.9,,1012,,64.04
2020-05-06,10.9,8.3,11.1,0.8,0,63,16.2,,1010.4,,51.98
2020-05-07,12.6,9.4,19.4,0,0,291,17.3,,1007.4,,66.92
2020-05-08,11.7,3.3,14.4,9.7,0,349,14.4,,1008.1,,57.92
2020-05-09,5.7,2.2,9.4,0.8,0,303,34.6,,1010.1,,48.92
2020-05-10,10.2,5,18.3,0,0,245,25.2,,1017,,64.94
2020-05-11,13.2,7.8,16.1,2.5,0,244,20.5,,1011.2,,60.98
2020-05-12,10.6,7.2,15.6,0,0,305,27.7,,1015.9,,60.08
2020-05-13,11.3,6.1,17.8,0,0,301,16.6,,1024.4,,64.04
2020-05-14,13.7,8.9,18.3,0,0,131,14.4,,1023.7,,64.94
2020-05-15,21.3,14.4,30,1,0,227,18.4,,1013.2,,86
2020-05-16,22.1,15,25,0,0,311,17.3,,1016.1,,77
2020-05-17,16.3,12.8,20,0,0,124,15.1,,1024.4,,68
2020-05-18,15.2,12.8,19.4,0,0,57,16.9,,1020.7,,66.92
2020-05-19,15.8,12.2,20.6,0,0,73,26.6,,1023.7,,69.08
2020-05-20,13.9,10,18.3,0,0,76,20.2,,1029.9,,64.94
2020-05-21,13.1,8.9,19.4,0,0,124,11.5,,1028.5,,66.92
2020-05-22,17.6,13.3,25,0.3,0,154,11.5,,1020.9,,77
2020-05-23,17.3,13.3,19.4,8.4,0,62,16.9,,1016.4,,66.92
2020-05-24,14.8,11.1,20.6,0,0,62,18.4,,1023.6,,69.08
2020-05-25,15.8,13.3,19.4,0.3,0,54,15.1,,1023,,66.92
2020-05-26,18.3,14.4,25,0,0,109,11.2,,1022.6,,77
2020-05-27,19.2,15.6,25.6,0,0,176,13,,1023.1,,78.08
2020-05-28,20.2,17.8,24.4,0,0,175,17.6,,1021.1,,75.92
2020-05-29,22,18.3,27.8,0.3,0,168,16.9,,1015.1,,82.04
2020-05-30,22.6,18.9,28.9,0,0,283,18.7,,1011.4,,84.02
2020-05-31,19.7,14.4,21.7,0,0,325,25.2,,1017,,71.06
2020-06-01,16.7,12.2,22.2,0,0,326,16.2,,1021.3,,71.96
2020-06-02,20.2,17.2,24.4,0,0,251,13.3,,1014.9,,75.92
2020-06-03,22.6,17.2,27.8,4.8,0,236,14.4,,1004.4,,82.04
2020-06-04,25.1,20.6,31.1,3.6,0,255,11.5,,1010.1,,87.98
2020-06-05,23.9,20.6,28.3,6.9,0,202,14,,1011.9,,82.94
2020-06-06,25.2,20.6,32.2,2.8,0,290,14.4,,1007.7,,89.96
2020-06-07,22.7,18.3,25.6,0,0,349,18,,1011.6,,78.08
2020-06-08,21.9,17.2,27.2,0,0,328,11.2,,1015.5,,80.96
2020-06-09,25.9,20,32.8,0,0,256,13.3,,1013.2,,91.04
2020-06-10,25.3,20.6,29.4,0,0,122,20.2,,1014.4,,84.92
2020-06-11,23.2,21.1,28.3,1.3,0,176,16.6,,1015,,82.94
2020-06-12,25.5,21.1,31.1,0,0,313,14,,1017.3,,87.98
2020-06-13,21.6,15.6,25,0,0,357,16.9,,1021.1,,77
2020-06-14,18.3,12.8,23.9,0,0,63,14,,1027.5,,75.02
2020-06-15,20,16.7,25,0,0,64,14,,1028.8,,77
2020-06-16,21,17.2,26.7,0,0,65,13.3,,1027.7,,80.06
2020-06-17,21.1,17.2,26.1,0,0,74,16.2,,1024.3,,78.98
2020-06-18,21.2,18.3,25.6,0,0,92,12.6,,1021.5,,78.08
2020-06-19,23.6,19.4,30,0,0,198,13.7,,1019.4,,86
2020-06-20,25.7,22.2,31.1,0,0,180,11.2,,1017.3,,87.98
2020-06-21,26.3,22.8,31.1,0,0,201,11.5,,1015.5,,87.98
2020-06-22,27.8,23.9,33.9,0,0,207,12.6,,1013.4,,93.02
2020-06-23,27.4,24.4,30.6,0,0,175,17.6,,1008.4,,87.08
2020-06-24,26.9,24.4,31.7,0,0,253,18,,1005.9,,89.06
2020-06-25,27.3,23.3,31.7,0,0,242,13.7,,1013.6,,89.06
2020-06-26,26.6,22.8,32.2,0,0,278,14.4,,1013.4,,89.96
2020-06-27,26.9,22.8,29.4,6.4,0,259,9.7,,1008.6,,84.92
2020-06-28,27.7,22.2,33.9,0.5,0,55,9,,1006.2,,93.02
2020-06-29,26.2,22.2,31.7,1.8,0,341,14,,1008.8,,89.06
2020-06-30,23.4,21.1,27.2,0,0,22,11.9,,1011.7,,80.96
2020-07-01,23.5,20,28.9,0,0,92,10.8,,1011.2,,84.02
2020-07-02,26.7,20.6,35,0,0,339,9.4,,1009.4,,95
2020-07-03,28.9,22.2,34.4,9.1,0,11,13,,1009.7,,93.92
2020-07-04,24.4,21.1,31.1,0,0,86,14,,1012.7,,87.98
2020-07-05,27.3,23.3,35.6,0,0,212,11.9,,1013.4,,96.08
2020-07-06,28.8,23.3,35.6,1.3,0,71,12.2,,1016.2,,96.08
2020-07-07,24.1,22.2,27.2,0,0,80,16.2,,1018.9,,80.96
2020-07-08,27.2,25,31.7,0.3,0,189,14.4,,1015.7,,89.06
2020-07-09,28.4,25.6,32.8,0,0,182,13,,1015,,91.04
2020-07-10,24.9,23.3,26.1,62.2,0,76,25.9,,1010.6,,78.98
2020-07-11,26.4,23.9,31.1,1.5,0,186,17.6,,1004.7,,87.98
2020-07-12,28,24.4,33.9,1.3,0,258,18.4,,1005.8,,93.02
2020-07-13,28.3,24.4,32.8,0,0,282,14.4,,1008.4,,91.04
2020-07-14,27.3,23.3,31.7,0,0,320,15.1,,1013.5,,89.06
2020-07-15,25.2,22.2,27.8,0,0,85,15.8,,1021.1,,82.04
2020-07-16,23.9,21.7,26.7,0,0,142,16.9,,1025.1,,80.06
2020-07-17,24.4,21.7,30,1,0,176,13.7,,1019.5,,86
2020-07-18,28.1,23.3,35,0,0,56,10.1,,1016.9,,95
2020-07-19,30.6,26.7,36.1,0,0,202,16.9,,1013.1,,96.98
2020-07-20,31.5,28.9,36.1,0,0,276,13.7,,1010.4,,96.98
2020-07-21,30.6,26.1,35,0,0,124,12.6,,1015.2,,95
2020-07-22,29.2,23.3,35,21.3,0,133,12.6,,1015.7,,95
2020-07-23,27.3,24.4,33.3,0.8,0,222,15.1,,1015.8,,91.94
2020-07-24,26.4,23.3,27.2,7.1,0,70,10.8,,1017.5,,80.96
2020-07-25,27.8,23.3,33.3,0,0,176,10.4,,1017.9,,91.94
2020-07-26,30.5,26.7,35,0,0,247,15.1,,1014.8,,95
2020-07-27,32.2,27.2,36.1,0,0,259,18.4,,1009.6,,96.98
2020-07-28,32.2,28.3,36.1,0,0,270,16.6,,1008.3,,96.98
2020-07-29,29.2,25.6,32.2,0,0,121,13.7,,1012,,89.96
2020-07-30,30.6,26.7,35.6,0.3,0,293,11.2,,1010.3,,96.08
2020-07-31,25.6,22.2,28.9,14.2,0,96,9,,1009.5,,84.02
2020-08-01,27.4,23.3,32.2,0,0,111,12.6,,1012.9,,89.96
2020-08-02,28,25,32.2,0,0,172,22,,1012.4,,89.96
2020-08-03,30.1,23.3,33.9,8.9,0,227,16.6,,1015.2,,93.02
2020-08-04,25.9,22.8,28.3,11.4,0,161,25.9,,1010.6,,82.94
2020-08-05,28,25,32.2,0,0,270,13.3,,1015.1,,89.96
2020-08-06,26,22.8,27.8,0,0,72,10.1,,1018.9,,82.04
2020-08-07,24.3,21.7,26.7,11.2,0,51,13,,1019.6,,80.06
2020-08-08,24.8,22.2,29.4,0,0,64,10.1,,1020.2,,84.92
2020-08-09,26.6,23.9,31.7,0,0,201,13.7,,1018.8,,89.06
2020-08-10,29.3,26.1,35,0,0,202,13.7,,1015.9,,95
2020-08-11,29.2,26.7,31.7,0,0,185,15.5,,1014.1,,89.06
2020-08-12,28.2,25,33.3,37.8,0,183,9.4,,1015.7,,91.94
2020-08-13,26.1,23.9,27.8,2.8,0,52,10.4,,1018.2,,82.04
2020-08-14,26.3,23.3,31.1,0,0,47,13.7,,1015.9,,87.98
2020-08-15,25.8,22.8,29.4,0,0,53,19.1,,1015.8,,84.92
2020-08-16,22.2,20.6,22.8,3.3,0,46,23.4,,1014.4,,73.04
2020-08-17,22.9,20,28.3,21.3,0,46,13.3,,1012.3,,82.94
2020-08-18,24,19.4,30,3.3,0,309,10.4,,1010.5,,86
2020-08-19,23.3,20.6,25,3.6,0,43,9.4,,1013.1,,77
2020-08-20,23.4,20,28.3,0,0,41,10.8,,1016.8,,82.94
2020-08-21,25.6,22.2,31.1,0,0,217,17.3,,1014,,87.98
2020-08-22,27.9,25,33.3,0,0,236,13.7,,1013.3,,91.94
2020-08-23,27.8,25,30.6,0,0,195,11.2,,1016.6,,87.08
2020-08-24,28.9,25.6,33.9,0,0,235,13.3,,1014.8,,93.02
2020-08-25,29.3,21.7,33.9,9.1,0,277,16.9,,1009.4,,93.02
2020-08-26,24.2,21.1,26.1,0,0,314,20.9,,1012.9,,78.98
2020-08-27,26.9,22.2,34.4,10.9,0,261,14.8,,1008,,93.92
2020-08-28,26.8,23.9,31.7,0.3,0,265,15.1,,1009,,89.06
2020-08-29,25.4,23.9,28.9,0.5,0,212,16.9,,1002.3,,84.02
2020-08-30,24.7,21.1,27.2,0,0,310,23.4,,1006.2,,80.96
2020-08-31,22.2,19.4,25,0,0,70,12.2,,1017.8,,77
2020-09-01,23.2,20,27.2,4.6,0,120,15.1,,1019.3,,80.96
2020-09-02,23.8,21.1,27.2,2.8,0,136,12.6,,1012.7,,80.96
2020-09-03,26.6,22.8,31.7,29.5,0,300,10.4,,1008.3,,89.06
2020-09-04,25.9,22.8,30.6,0,0,309,14.4,,1010.9,,87.08
2020-09-05,24.2,20.6,27.8,0,0,345,13,,1020.8,,82.04
2020-09-06,24.3,21.1,29.4,0,0,212,13.7,,1021,,84.92
2020-09-07,24.1,21.1,27.2,0,0,180,13.7,,1019,,80.96
2020-09-08,24.4,21.7,28.9,0,0,121,11.2,,1020.5,,84.02
2020-09-09,24.1,22.2,27.2,1.5,0,93,10.8,,1024.6,,80.96
2020-09-10,25.7,23.9,29.4,36.3,0,130,10.4,,1022.7,,84.92
2020-09-11,24.4,19.4,26.1,0,0,11,15.1,,1021,,78.98
2020-09-12,20.2,17.2,22.8,0,0,71,18,,1025.2,,73.04
2020-09-13,20.9,17.8,25,0,0,136,15.5,,1019.7,,77
2020-09-14,23.5,16.7,25,0,0,326,21.6,,1018.8,,77
2020-09-15,16.8,12.8,19.4,0,0,35,14,,1025.9,,66.92
2020-09-16,18.7,15.6,22.8,0,0,201,13.3,,1022.7,,73.04
2020-09-17,21.8,18.9,25,0,0,204,11.2,,1016.5,,77
2020-09-18,20.4,13.9,21.7,0,0,12,23,,1014.7,,71.06
2020-09-19,15.1,10.6,18.3,0,0,16,18.7,,1025.7,,64.94
2020-09-20,14.8,11.1,17.8,0,0,38,19.8,,1032.1,,64.04
2020-09-21,15.2,11.1,18.9,0,0,41,13.7,,1033,,66.02
2020-09-22,17.1,12.8,23.3,0,0,337,17.6,,1019,,73.94
2020-09-23,21,16.7,27.2,0,0,300,17.3,,1011.2,,80.96
2020-09-24,22.7,18.9,25.6,0,0,273,9.4,,1014.7,,78.08
2020-09-25,21.9,18.3,26.7,0,0,200,9,,1018.2,,80.06
2020-09-26,21.7,18.9,25,0,0,133,11.5,,1018.3,,77
2020-09-27,22.6,20.6,25.6,0.5,0,82,11.2,,1014.8,,78.08
2020-09-28,23.1,21.1,26.1,0.5,0,174,19.1,,1012.4,,78.98
2020-09-29,22.1,20.6,23.3,7.9,0,171,17.3,,1010.4,,73.94
2020-09-30,20.5,16.7,22.8,22.4,0,234,24.1,,1005.1,,73.04
2020-10-01,19.6,16.7,23.3,0,0,237,14.8,,1012.3,,73.94
2020-10-02,17.6,14.4,20,0.8,0,294,14.4,,1015,,68
2020-10-03,16.4,12.8,20.6,0,0,324,11.9,,1021.4,,69.08
2020-10-04,15.9,11.7,19.4,0,0,44,13,,1023.1,,66.92
2020-10-05,16.9,13.3,20,0,0,49,11.2,,1019.9,,68
2020-10-06,17.9,15,21.7,0,0,210,13.3,,1018.5,,71.06
2020-10-07,19.8,16.7,25,0.5,0,245,23.4,,1007.4,,77
2020-10-08,16.6,13.9,18.3,0,0,307,23,,1014.1,,64.94
2020-10-09,16.1,12.2,21.7,0,0,282,11.2,,1021.1,,71.06
2020-10-10,18.9,15.6,22.8,0,0,219,19.4,,1015.6,,73.04
2020-10-11,19.6,14.4,20.6,0.3,0,45,16.9,,1018.4,,69.08
2020-10-12,13.2,10.6,14.4,24.1,0,72,29.9,,1021.4,,57.92
2020-10-13,14,12.2,15.6,6.6,0,9,23.4,,1012.1,,60.08
2020-10-14,16.2,12.2,21.7,0,0,257,14,,1014.3,,71.06
2020-10-15,18.3,14.4,22.8,0,0,189,18.7,,1015.4,,73.04
2020-10-16,16.1,10,18.9,36.3,0,311,15.8,,1017.7,,66.02
2020-10-17,12.1,9.4,16.7,0.8,0,332,12.2,,1024.6,,62.06
2020-10-18,13.8,9.4,18.3,0,0,78,10.4,,1030.4,,64.94
2020-10-19,15.2,12.2,20,0,0,100,9.4,,1026.8,,68
2020-10-20,17.9,15.6,22.2,0.3,0,147,8.6,,1023.8,,71.96
2020-10-21,18.3,16.7,21.7,0,0,169,9.4,,1024.3,,71.06
2020-10-22,19.3,17.8,20.6,0,0,42,5.8,,1023.6,,69.08
2020-10-23,19,17.8,21.7,0,0,176,10.4,,1021.4,,71.06
2020-10-24,18.5,10,21.1,0,0,238,16.9,,1014.4,,69.98
2020-10-25,10.7,7.8,12.8,0.5,0,39,17.6,,1022.9,,55.04
2020-10-26,12.6,11.7,15,0.8,0,61,13,,1021.4,,59
2020-10-27,14.3,12.2,15.6,0,0,350,11.2,,1020.5,,60.08
2020-10-28,13.2,11.1,15.6,3.3,0,352,9.7,,1016.7,,60.08
2020-10-29,12.7,8.3,14.4,40.4,0,33,23,,1008.1,,57.92
2020-10-30,6.4,3.9,8.3,16.5,0,12,23.4,,1012.3,,46.94
2020-10-31,4.7,1.7,8.9,0,0,354,9.7,,1031.1,,48.02
2020-11-01,10.2,7.2,13.3,10.9,0,199,22.7,,1016.1,,55.94
2020-11-02,7.4,4.4,8.3,0,0,283,34.6,,1009.4,,46.94
2020-11-03,8.5,5.6,12.8,0,0,280,25.6,,1016.4,,55.04
2020-11-04,10.6,5.6,17.8,0,0,139,13.3,,1030.3,,64.04
2020-11-05,14.9,11.1,21.1,0,0,203,12.6,,1029,,69.98
2020-11-06,16.7,13.3,22.8,0,0,219,11.2,,1024.4,,73.04
2020-11-07,18.8,13.9,24.4,0,0,287,6.5,,1024,,75.92
2020-11-08,19,12.2,25,0,0,1,3.6,,1027,,77
2020-11-09,17.2,11.7,25.6,0,0,338,5,,1026,,78.08
2020-11-10,18.6,15,23.9,0,0,204,13.7,,1021.8,,75.02
2020-11-11,18.9,16.7,21.1,16,0,174,10.8,,1016.1,,69.98
2020-11-12,16.1,8.9,20.6,7.1,0,1,16.9,,1014.9,,69.08
2020-11-13,9.8,8.9,11.1,4.1,0,7,15.5,,1015.6,,51.98
2020-11-14,10.3,7.2,12.2,0,0,315,19.8,,1020.6,,53.96
2020-11-15,10,5,17.8,3.3,0,142,25.2,,1016.7,,64.04
2020-11-16,12.5,9.4,13.9,0,0,268,24.1,,1013,,57.02
2020-11-17,9.2,3.9,10,0,0,287,24.1,,1015.3,,50
2020-11-18,3.1,0.6,3.9,0,0,322,28.8,,1030.1,,39.02
2020-11-19,3.7,0.6,10,0,0,228,15.8,,1033.6,,50
2020-11-20,11.4,8.3,17.8,0,0,217,16.6,,1026.8,,64.04
2020-11-21,15.2,10,18.3,0,0,313,14.4,,1026.6,,64.94
2020-11-22,10.1,7.8,16.1,0,0,64,20.9,,1028.1,,60.98
2020-11-23,13.2,7.2,16.1,17.3,0,285,26.6,,1015.2,,60.98
2020-11-24,8,6.7,10,0,0,311,18,,1026,,50
2020-11-25,9.8,7.2,13.3,0,0,181,11.9,,1026.2,,55.94
2020-11-26,14.9,12.2,19.4,22.4,0,218,12.2,,1016.5,,66.92
2020-11-27,14.9,10.6,17.2,0,0,296,10.1,,1016.5,,62.96
2020-11-28,12.1,8.3,13.9,0,0,314,13.7,,1015.5,,57.02
2020-11-29,9.4,5.6,13.3,0,0,228,9.4,,1019.9,,55.94
2020-11-30,13.3,8.9,19.4,31.2,0,142,24.8,,1004.8,,66.92
2020-12-01,13.2,4.4,15.6,0,0,218,22.3,,1001.7,,60.08
2020-12-02,5.4,3.9,7.2,0,0,251,26.3,,1013.8,,44.96
2020-12-03,6.2,2.8,11.1,0,0,234,16.2,,1021.7,,51.98
2020-12-04,9.9,8.3,11.7,3.3,0,215,14.8,,1017,,53.06
2020-12-05,7.9,5,8.9,25.7,0,340,27,,1006,,48.02
2020-12-06,4.8,2.2,6.1,0,0,298,33.1,,1009,,42.98
2020-12-07,2.9,1.1,5.6,0,0,314,16.6,,1008.1,,42.08
2020-12-08,1.6,0,3.3,0,0,338,24.1,,1007.9,,37.94
2020-12-09,2.4,1.1,4.4,0.5,0,254,19.4,,1009.6,,39.92
2020-12-10,6.4,3.9,10,0,0,295,16.9,,1017.3,,50
2020-12-11,8.2,3.3,12.8,0,0,191,11.2,,1021.5,,55.04
2020-12-12,9.8,6.1,14.4,0,0,123,9.4,,1017.7,,57.92
2020-12-13,13.2,9.4,16.7,0,0,236,16.6,,1014.3,,62.06
2020-12-14,6.8,3.3,9.4,5.8,0,359,16.6,,1013.7,,48.92
2020-12-15,3.6,0,5,0,0,316,23.4,,1024.2,,41
2020-12-16,-0.3,-2.1,0.6,8.9,0,45,34.2,,1025.7,,33.08
2020-12-17,-0.9,-3.2,1.1,8.6,230,358,28.8,,1012.8,,33.98
2020-12-18,-1.1,-2.7,0.6,0,150,347,16.9,,1024.7,,33.08
2020-12-19,-1.7,-4.3,1.1,0,150,344,7.6,,1028.4,,33.98
2020-12-20,1.6,0,4.4,0.3,130,181,6.8,,1020.8,,39.92
2020-12-21,4.9,2.8,8.9,0,100,311,8.6,,1010,,48.02
2020-12-22,6.1,4.4,8.9,0,50,279,22,,1010.3,,48.02
2020-12-23,5.8,3.9,7.2,0,30,247,14.4,,1027.1,,44.96
2020-12-24,10.1,5.6,16.7,4.3,0,157,27.7,,1017.8,,62.06
2020-12-25,13.6,-0.5,17.2,18.8,0,191,34.9,,1001.1,,62.96
2020-12-26,-0.5,-3.2,1.1,0,0,263,25.6,,1012.6,,33.98
2020-12-27,-0.2,-2.7,4.4,0,0,262,10.4,,1024.5,,39.92
2020-12-28,6.1,2.2,11.1,0,0,218,12.6,,1021.4,,51.98
2020-12-29,5.6,0,7.2,0,0,312,25.9,,1028,,44.96
2020-12-30,1.8,-1,7.2,0,0,222,16.2,,1028.3,,44.96
2020-12-31,7.7,3.3,10,13.5,0,286,17.3,,1020.4,,50
2021-01-01,3.4,1.7,5,16.8,0,40,13,,1029.1,,41
2021-01-02,6.2,2.8,11.1,1.5,0,321,21.2,,1012.3,,51.98
2021-01-03,3.8,2.2,4.4,4.1,0,43,24.5,,1017.1,,39.92
2021-01-04,4.2,2.8,6.7,0.3,0,3,12.6,,1014.6,,44.06
2021-01-05,4.6,3.3,5.6,0,0,15,13.3,,1013.1,,42.08
2021-01-06,4.2,2.8,6.1,0,0,329,23.8,,1015,,42.98
2021-01-07,3.2,0.6,6.7,0,0,326,22.3,,1018.5,,44.06
2021-01-08,1.3,-0.5,3.9,0,0,350,18,,1015.3,,39.02
2021-01-09,0.3,-2.1,3.3,0,0,351,23.4,,1012.1,,37.94
2021-01-10,2.4,0,6.1,0,0,348,14.8,,1021.8,,42.98
2021-01-11,1.2,-1,3.3,0,0,4,5,,1024.9,,37.94
2021-01-12,3.8,1.1,7.8,0,0,349,10.4,,1019.5,,46.04
2021-01-13,4.5,1.7,7.2,0,0,279,9.4,,1016,,44.96
2021-01-14,6.4,3.3,10,0,0,48,7.2,,1010.4,,50
2021-01-15,5.6,3.3,9.4,9.1,0,63,19.1,,1013.4,,48.92
2021-01-16,7.3,4.4,9.4,20.1,0,307,23,,998.1,,48.92
2021-01-17,5.3,3.3,7.8,0,0,259,24.8,,1002.8,,46.04
2021-01-18,6.5,4.4,8.3,0,0,266,20.5,,1007.5,,46.94
2021-01-19,4.6,3.3,6.1,0,0,267,23.8,,1017,,42.98
2021-01-20,4.1,-1.6,5.6,0.5,0,298,21.2,,1014.3,,42.08
2021-01-21,1.1,-2.7,7.2,0,0,230,13,,1008.6,,44.96
2021-01-22,6.2,3.3,7.8,0,0,273,24.8,,1006,,46.04
2021-01-23,1.4,-2.7,3.3,0,0,311,33.5,,1017.1,,37.94
2021-01-24,-1.9,-4.3,1.1,0,0,311,28.4,,1021.1,,33.98
2021-01-25,-0.4,-3.2,3.9,0,0,342,13.7,,1019.6,,39.02
2021-01-26,1.4,0.6,2.2,1.8,0,59,17.6,,1014.9,,35.96
2021-01-27,2.4,0.6,3.9,0,0,333,18.4,,1015.6,,39.02
2021-01-28,0.6,-4.9,1.7,0,0,333,31.3,,1018.4,,35.06
2021-01-29,-4.9,-8.2,-2.1,0,0,315,38.5,,1019.8,,28.22
2021-01-30,-4.4,-7.1,1.1,0,0,312,22,,1025.1,,33.98
2021-01-31,-4,-6,-2.7,1.3,0,34,16.2,,1025.6,,27.14
2021-02-01,-2,-3.8,1.7,21.8,100,42,41.8,,1010.1,,35.06
2021-02-02,0.5,-1,1.7,2.5,330,351,28.1,,996.8,,35.06
2021-02-03,0.8,-1,3.3,0,330,320,22.3,,999.5,,37.94
2021-02-04,2.4,0.6,6.1,0,250,295,18,,1009.8,,42.98
2021-02-05,4.9,2.2,9.4,1.5,200,220,14.8,,1006.2,,48.92
2021-02-06,4.9,0.6,7.8,0,150,261,21.6,,1015.6,,46.04
2021-02-07,2.3,-2.7,4.4,9.9,100,17,18,,1015,,39.92
2021-02-08,-3.2,-7.1,-0.5,0,200,290,18.7,,1027.9,,31.1
2021-02-09,-1.3,-4.3,1.1,0.3,200,29,14.4,,1024,,33.98
2021-02-10,-0.8,-2.7,2.2,0,180,346,11.9,,1026,,35.96
2021-02-11,-1.2,-3.2,0.6,2.5,180,11,14.4,,1024.7,,33.08
2021-02-12,-2.8,-6,-1,0,180,5,11.9,,1026.8,,30.2
2021-02-13,-2.1,-3.2,-0.5,0,150,39,17.6,,1025.5,,31.1
2021-02-14,-0.1,-2.1,3.9,0,130,5,11.5,,1023.5,,39.02
2021-02-15,1.1,0,1.7,0.3,100,25,13,,1021.9,,35.06
2021-02-16,4.7,1.1,11.7,21.6,80,303,19.8,,1006.1,,53.06
2021-02-17,-0.3,-4.9,2.2,0,50,333,18.7,,1026.3,,35.96
2021-02-18,-1.9,-3.8,-1,8.1,30,41,20.2,,1028.8,,30.2
2021-02-19,-1,-2.1,1.1,2.5,80,21,18.4,,1019.9,,33.98
2021-02-20,0.4,-2.1,2.2,0,100,311,24.5,,1019.4,,35.96
2021-02-21,-0.6,-3.8,3.3,0,80,288,16.6,,1031.4,,37.94
2021-02-22,1.4,0.6,4.4,14.2,50,218,16.6,,1017.2,,39.92
2021-02-23,4.4,3.3,7.8,0.3,30,257,21.6,,1005.8,,46.04
2021-02-24,7.9,5,11.7,0,0,225,18.4,,1013.6,,53.06
2021-02-25,8.2,5,11.1,0,0,300,27,,1017.3,,51.98
2021-02-26,4.9,1.7,8.3,0,0,310,14.8,,1029.6,,46.94
2021-02-27,6.1,2.8,11.1,11.9,0,222,13.3,,1021.8,,51.98
2021-02-28,6.1,3.9,8.3,7.4,0,62,12.6,,1022.7,,46.94
2021-03-01,6,0.6,9.4,3.8,0,325,25.2,,1006.3,,48.92
2021-03-02,-0.6,-4.9,1.1,0,0,298,33.5,,1019.5,,33.98
2021-03-03,4.3,0.6,11.7,0,0,257,15.8,,1012.4,,53.06
2021-03-04,5.9,-2.1,7.2,0,0,310,32.4,,1009.9,,44.96
2021-03-05,-0.6,-4.3,3.3,0,0,303,34.2,,1011.7,,37.94
2021-03-06,1,-1,1.7,0,0,307,25.9,,1018.1,,35.06
2021-03-07,0.7,-1,5,0,0,316,19.8,,1026,,41
2021-03-08,1.5,-2.1,6.7,0,0,309,13,,1029.6,,44.06
2021-03-09,9.7,5.6,16.7,0,0,268,17.6,,1026.6,,62.06
2021-03-10,8.3,3.3,12.8,0,0,92,11.5,,1032.2,,55.04
2021-03-11,11.8,6.7,20,0,0,177,12.6,,1023.1,,68
2021-03-12,16.1,11.1,20.6,0,0,284,25.2,,1017.2,,69.08
2021-03-13,7.9,1.1,11.1,0,0,294,24.8,,1021.9,,51.98
2021-03-14,8.3,0,11.1,0,0,292,33.5,,1015.8,,51.98
2021-03-15,0,-3.8,3.9,0,0,326,28.4,,1025.3,,39.02
2021-03-16,0.4,-1.6,2.2,0,0,82,13.7,,1025.5,,35.96
2021-03-17,3.7,1.1,8.3,0,0,77,11.5,,1021.6,,46.94
2021-03-18,6.8,5.6,8.3,14,0,72,14,,1013.9,,46.94
2021-03-19,3.7,0,6.1,2.5,0,2,27.4,,1020.7,,42.98
2021-03-20,6.4,1.7,15,0,0,330,9.7,,1033,,59
2021-03-21,9.3,3.3,16.7,0,0,84,8.3,,1033.3,,62.06
2021-03-22,8.7,3.9,13.9,0,0,67,10.8,,1029.2,,57.02
2021-03-23,8.8,5.6,14.4,0,0,65,12.2,,1025.4,,57.92
2021-03-24,8.9,6.7,9.4,33.3,0,57,15.5,,1021.2,,48.92
2021-03-25,11.7,7.8,19.4,0.5,0,70,8.6,,1017,,66.92
2021-03-26,16.3,11.1,27.8,0.5,0,208,25.9,,1008.1,,82.04
2021-03-27,14.4,10.6,20,0,0,264,16.6,,1018.9,,68
2021-03-28,11.3,7.2,15,15.2,0,131,17.6,,1008.2,,59
2021-03-29,10.7,7.8,12.8,0,0,299,29.2,,1013.8,,55.04
2021-03-30,10.1,5,15,0,0,149,19.1,,1027.5,,59
2021-03-31,12.6,9.4,18.9,9.4,0,178,16.2,,1018.2,,66.02
2021-04-01,9.7,3.9,13.9,0.5,0,320,28.8,,1010.1,,57.02
2021-04-02,2.4,-1.6,3.9,0,0,329,27,,1021,,39.02
2021-04-03,4.8,1.1,12.2,0,0,305,15.8,,1025.6,,53.96
2021-04-04,10.8,7.8,17.2,0,0,342,12.2,,1018.2,,62.96
2021-04-05,13.9,9.4,19.4,0,0,312,28.4,,1013.4,,66.92
2021-04-06,14.1,9.4,20.6,0,0,322,15.5,,1013.5,,69.08
2021-04-07,14.9,10.6,21.7,0,0,37,9.4,,1015.3,,71.06
2021-04-08,14.1,8.9,21.1,0,0,82,9,,1018.9,,69.98
2021-04-09,11.4,8.9,14.4,0,0,159,11.5,,1021,,57.92
2021-04-10,13.1,10,19.4,0,0,167,10.8,,1014.9,,66.92
2021-04-11,12.1,8.3,13.3,10.2,0,63,18.4,,1004.1,,55.94
2021-04-12,8.9,7.8,10.6,12.4,0,51,15.5,,1008.4,,51.08
2021-04-13,10.9,7.2,18.3,1.5,0,18,10.8,,1016.4,,64.94
2021-04-14,14.8,9.4,22.2,0,0,227,12.2,,1015.5,,71.96
2021-04-15,12.3,7.2,15,23.4,0,74,15.5,,1006.9,,59
2021-04-16,8.4,5.6,11.7,1,0,322,20.9,,1004,,53.06
2021-04-17,9.1,6.7,12.8,0,0,328,14.4,,1007.6,,55.04
2021-04-18,12.5,10,17.2,0,0,282,12.2,,1009.8,,62.96
2021-04-19,14.4,11.1,18.3,0,0,97,9.4,,1010.3,,64.94
2021-04-20,16.7,11.1,24.4,0,0,215,16.9,,1011.9,,75.92
2021-04-21,14.3,4.4,18.3,6.9,0,205,25.2,,1005.9,,64.94
2021-04-22,5.8,2.8,10,0,0,294,31.7,,1010.3,,50
2021-04-23,10,5,18.3,0,0,277,24.8,,1014.5,,64.94
2021-04-24,16.2,11.7,21.7,0,0,241,16.9,,1014.4,,71.06
2021-04-25,13.4,10,17.8,12.7,0,349,15.8,,1007,,64.04
2021-04-26,11.4,6.1,15.6,0,0,310,29.5,,1015.1,,60.08
2021-04-27,12.6,9.4,16.7,0,0,188,10.1,,1017.2,,62.06
2021-04-28,15.8,10.6,28.3,0.8,0,72,10.8,,1010.3,,82.94
2021-04-29,18.1,15.6,22.2,0,0,181,13.7,,1004.7,,71.96
2021-04-30,19.1,8.3,22.2,0.5,0,289,36.7,,997.8,,71.96
2021-05-01,11.4,6.7,18.3,0,0,293,26.6,,1010.1,,64.94
2021-05-02,19.4,14.4,28.3,0,0,221,18,,1007.4,,82.94
2021-05-03,15.8,11.1,16.7,8.4,0,58,13.3,,1010.3,,62.06
2021-05-04,14.3,10.6,20.6,7.6,0,49,13.7,,1007,,69.08
2021-05-05,12.6,10.6,16.1,7.4,0,44,15.8,,1006.6,,60.98
2021-05-06,14.3,11.1,18.9,0,0,318,22,,1012.4,,66.02
2021-05-07,14.3,10.6,16.7,0,0,55,16.9,,1012.4,,62.06
2021-05-08,11.5,10,12.8,1,0,91,12.2,,1011.4,,55.04
2021-05-09,12,8.9,17.8,11.4,0,271,16.6,,1015.7,,64.04
2021-05-10,11.4,8.9,15.6,0.5,0,346,16.6,,1011.4,,60.08
2021-05-11,14.7,11.1,20,0,0,298,20.5,,1016.4,,68
2021-05-12,14.1,8.9,20,0,0,327,20.9,,1020.3,,68
2021-05-13,16.7,12.2,21.7,0,0,319,12.2,,1022.1,,71.06
2021-05-14,18.7,13.3,24.4,0,0,248,12.6,,1022.3,,75.92
2021-05-15,20,13.9,25,0,0,145,10.1,,1023,,77
2021-05-16,20.7,16.1,26.1,0,0,211,11.2,,1023.7,,78.98
2021-05-17,19.8,15,25.6,0,0,282,10.8,,1024.7,,78.08
2021-05-18,22.4,16.7,28.3,0,0,260,13.3,,1024.8,,82.94
2021-05-19,24.8,18.9,30,0,0,341,13.7,,1025.1,,86
2021-05-20,20.4,15.6,24.4,0,0,159,13.7,,1030.9,,75.92
2021-05-21,19.7,15.6,25,0,0,182,13.7,,1031.3,,77
2021-05-22,23,16.7,31.1,0,0,329,12.6,,1021.3,,87.98
2021-05-23,26.4,20,31.1,0,0,318,24.1,,1013.4,,87.98
2021-05-24,19.3,15,20.6,0,0,126,19.4,,1024.3,,69.08
2021-05-25,17.8,15,22.2,0,0,185,18.4,,1023.3,,71.96
2021-05-26,22.8,18.9,30,1.8,0,205,16.6,,1015.5,,86
2021-05-27,23.8,18.9,28.3,0.3,0,312,19.8,,1013.4,,82.94
2021-05-28,17.7,10.6,20,29,0,53,26.6,,1016.2,,68
2021-05-29,10.3,8.9,11.1,11.7,0,38,30.6,,1016,,51.98
2021-05-30,10.1,8.9,11.1,20.6,0,25,20.5,,1020.7,,51.98
2021-05-31,13.5,10,21.7,0.3,0,337,14.4,,1022,,71.06
2021-06-01,19,13.3,26.1,0,0,295,9.7,,1023.7,,78.98
2021-06-02,20.3,16.7,24.4,0,0,177,13.3,,1023,,75.92
2021-06-03,18.6,16.1,24.4,7.9,0,133,10.1,,1017.2,,75.92
2021-06-04,21.8,17.8,26.7,17,0,212,10.4,,1012.4,,80.06
2021-06-05,25.3,18.9,34.4,0,0,245,13.3,,1012.7,,93.92
2021-06-06,30.3,24.4,35,0,0,226,15.5,,1016.1,,95
2021-06-07,28.8,24.4,33.9,0,0,195,12.6,,1017.7,,93.02
2021-06-08,26.8,22.2,33.3,11.9,0,178,10.1,,1016.6,,91.94
2021-06-09,26.7,23.3,32.8,0,0,340,7.9,,1014.6,,91.04
2021-06-10,25.5,18.3,27.2,0,0,63,15.8,,1015.9,,80.96
2021-06-11,18.6,16.7,20,0,0,58,14.4,,1015.2,,68
2021-06-12,18.8,17.2,21.7,0,0,69,13.7,,1011.3,,71.06
2021-06-13,20.1,17.2,25,0,0,197,11.9,,1012.8,,77
2021-06-14,20.3,18.9,23.3,2.5,0,169,15.1,,1010.2,,73.94
2021-06-15,22.8,19.4,28.3,0,0,293,15.8,,1007,,82.94
2021-06-16,21.3,17.8,25,0,0,321,20.2,,1010.2,,77
2021-06-17,21.3,16.7,26.1,0,0,320,10.8,,1014.6,,78.98
2021-06-18,24.4,18.9,30,0,0,210,16.9,,1014.5,,86
2021-06-19,26.2,20,32.8,2.8,0,254,14.8,,1008.3,,91.04
2021-06-20,24.9,20.6,30.6,0,0,247,13.3,,1008.9,,87.08
2021-06-21,26.8,23.3,30.6,0,0,178,19.1,,1005.3,,87.08
2021-06-22,23.4,16.1,26.7,4.3,0,301,18.4,,1006.2,,80.06
2021-06-23,19,14.4,25,0,0,311,16.6,,1020.5,,77
2021-06-24,21.1,17.2,25.6,0,0,118,13.7,,1027.4,,78.08
2021-06-25,21.2,17.8,27.8,0,0,87,15.1,,1025.3,,82.04
2021-06-26,24.4,20.6,29.4,0,0,183,18.4,,1023,,84.92
2021-06-27,26.9,23.3,31.7,0,0,191,19.4,,1021.1,,89.06
2021-06-28,29.2,25,35.6,0,0,206,18.4,,1021.8,,96.08
2021-06-29,31.4,27.2,36.7,0,0,226,16.9,,1021,,98.06
2021-06-30,33,22.8,37.8,15.5,0,239,18.4,,1014.9,,100.04
2021-07-01,26.7,22.8,30,18.3,0,327,9.7,,1010.6,,86
2021-07-02,23.4,17.2,25.6,21.8,0,173,14.4,,1006.7,,78.08
2021-07-03,17.9,15.6,19.4,4.8,0,50,18,,1008.8,,66.92
2021-07-04,20.2,16.7,26.1,0,0,118,9.7,,1011.9,,78.98
2021-07-05,23.1,19.4,28.9,0,0,97,16.2,,1016.5,,84.02
2021-07-06,28.9,22.8,35.6,5.3,0,227,20.2,,1014.4,,96.08
2021-07-07,27.9,23.3,35.6,0,0,218,12.2,,1013.4,,96.08
2021-07-08,26.2,22.2,29.4,24.1,0,53,16.2,,1014.5,,84.92
2021-07-09,24.9,22.2,31.7,46,0,31,17.6,,1009.2,,89.06
2021-07-10,24.7,22.2,27.2,1.5,0,39,11.2,,1014.1,,80.96
2021-07-11,24.1,22.2,27.8,0,0,152,13.3,,1018.4,,82.04
2021-07-12,25.2,22.8,27.8,15.2,0,66,14.8,,1018.9,,82.04
2021-07-13,21.9,20.6,22.8,0.3,0,55,15.1,,1023,,73.04
2021-07-14,24.4,21.1,32.8,0,0,69,11.2,,1020.4,,91.04
2021-07-15,27.7,24.4,32.8,0,0,74,13,,1017.9,,91.04
2021-07-16,30.5,27.2,35,0,0,241,10.8,,1015.3,,95
2021-07-17,29,23.3,32.8,13.5,0,102,11.5,,1016,,91.04
2021-07-18,26.2,23.3,30,2,0,221,16.6,,1014.1,,86
2021-07-19,24.4,21.7,27.8,0.3,0,323,11.5,,1014.1,,82.04
2021-07-20,27.2,23.9,31.7,0,0,286,10.4,,1012.1,,89.06
2021-07-21,26.5,22.2,28.3,4.1,0,351,11.9,,1011.5,,82.94
2021-07-22,24.2,20,28.3,0,0,333,16.2,,1017.2,,82.94
2021-07-23,24.6,21.1,28.3,0,0,337,12.2,,1019.2,,82.94
2021-07-24,24.7,21.1,28.3,0,0,84,14.8,,1018.5,,82.94
2021-07-25,24.8,20,28.9,11.2,0,192,16.6,,1012.8,,84.02
2021-07-26,27.6,22.2,32.2,35.1,0,327,9.7,,1011.8,,89.96
2021-07-27,28.5,23.3,32.8,0,0,1,11.9,,1013.2,,91.04
2021-07-28,24.9,21.7,27.8,5.1,0,2,14,,1014.9,,82.04
2021-07-29,24.3,22.8,26.7,6.6,0,185,22,,1013.1,,80.06
2021-07-30,24.9,20,29.4,0,0,306,24.5,,1008.4,,84.92
2021-07-31,21.9,17.8,26.1,0,0,313,13.3,,1014.5,,78.98
2021-08-01,23.2,20,25.6,2.3,0,167,14,,1012.1,,78.08
2021-08-02,22.3,17.8,27.2,0,0,314,17.6,,1013.4,,80.96
2021-08-03,23.2,20,26.1,0,0,53,7.6,,1019.1,,78.98
2021-08-04,23,21.1,23.9,0,0,33,11.9,,1019.6,,75.02
2021-08-05,22.8,20.6,27.2,0,0,46,13.7,,1018.4,,80.96
2021-08-06,26.1,21.7,31.7,0,0,180,13,,1019.9,,89.06
2021-08-07,27.1,23.9,31.7,0,0,198,14.8,,1017.9,,89.06
2021-08-08,23.4,19.4,26.1,8.1,0,57,16.2,,1018.2,,78.98
2021-08-09,23.1,21.1,26.7,0.5,0,37,14.4,,1019.8,,80.06
2021-08-10,25.2,22.8,29.4,10.2,0,171,11.5,,1019.6,,84.92
2021-08-11,27.1,24.4,33.3,1.8,0,207,14,,1016,,91.94
2021-08-12,29.2,25,36.7,0,0,234,13,,1015,,98.06
2021-08-13,31.2,26.1,36.7,0,0,268,10.1,,1016,,98.06
2021-08-14,30.6,25,32.8,0,0,307,15.1,,1017,,91.04
2021-08-15,25.3,21.7,28.9,0,0,43,13.3,,1021.6,,84.02
2021-08-16,24.3,21.7,27.8,0,0,77,13.7,,1022.3,,82.04
2021-08-17,25.2,23.9,27.8,0,0,169,16.9,,1022.2,,82.04
2021-08-18,25.8,24.4,30,0,0,157,15.5,,1021.6,,86
2021-08-19,27.9,25,31.7,7.4,0,226,22.3,,1013,,89.06
2021-08-20,26.7,25,28.3,2.3,0,332,11.5,,1011.7,,82.94
2021-08-21,26.3,23.9,28.9,30,0,71,13,,1012.5,,84.02
2021-08-22,24,22.2,25,58.4,0,309,17.6,,1009.3,,77
2021-08-23,24.8,22.8,29.4,20.6,0,227,18.4,,1007.4,,84.92
2021-08-24,27.9,24.4,33.3,0,0,310,12.2,,1012.8,,91.94
2021-08-25,29.1,23.9,34.4,0,0,345,7.2,,1018.2,,93.92
2021-08-26,30.4,27.2,34.4,0,0,236,9.7,,1018.5,,93.92
2021-08-27,29.7,24.4,33.9,34,0,336,6.1,,1018,,93.02
2021-08-28,24.9,20,27.2,0,0,76,19.8,,1023,,80.96
2021-08-29,21.5,20,24.4,0,0,67,11.5,,1021.9,,75.92
2021-08-30,25.7,23.3,30.6,0,0,197,13,,1012.2,,87.08
2021-08-31,27.5,24.4,30.6,0,0,304,11.5,,1008.3,,87.08
2021-09-01,24.3,18.3,26.7,172.7,0,27,24.8,,1006.7,,80.06
2021-09-02,20.8,17.2,25.6,2.3,0,341,23,,1008.5,,78.08
2021-09-03,20.3,16.7,24.4,0,0,334,13.7,,1016.2,,75.92
2021-09-04,22.1,18.3,27.2,0,0,299,11.2,,1015.6,,80.96
2021-09-05,22.6,20.6,24.4,1.3,0,201,15.5,,1010.9,,75.92
2021-09-06,24.7,21.7,29.4,0,0,272,15.8,,1009,,84.92
2021-09-07,23.9,20,28.3,0,0,289,14.4,,1013.7,,82.94
2021-09-08,25,22.8,30,0,0,190,22.7,,1010.6,,86
2021-09-09,22.5,20,25,7.4,0,327,9.4,,1007.8,,77
2021-09-10,21.5,18.9,24.4,0,0,316,22.7,,1011.6,,75.92
2021-09-11,22,17.8,26.7,0,0,257,13.3,,1020.4,,80.06
2021-09-12,24.1,20,29.4,0,0,227,20.2,,1018.1,,84.92
2021-09-13,27.1,21.7,30,0.8,0,291,19.8,,1015.8,,86
2021-09-14,24.1,21.1,27.2,0,0,109,12.2,,1017.4,,80.96
2021-09-15,25.8,22.8,31.1,0,0,187,13.3,,1014.4,,87.98
2021-09-16,24.1,22.2,25,0,0,49,19.4,,1021.1,,77
2021-09-17,22.6,21.1,23.9,0,0,52,20.5,,1022.7,,75.02
2021-09-18,24.5,21.1,30,0,0,351,11.2,,1017.1,,86
2021-09-19,23.3,19.4,25.6,0,0,11,12.2,,1020.4,,78.08
2021-09-20,21.4,17.8,24.4,0,0,76,11.2,,1026.4,,75.92
2021-09-21,20.9,17.8,25,0.3,0,98,13.7,,1026.6,,77
2021-09-22,23.5,22.2,28.3,0,0,155,20.5,,1018.9,,82.94
2021-09-23,25.6,18.3,28.3,28.2,0,159,23,,1013.6,,82.94
2021-09-24,20,15.6,24.4,6.9,0,291,13.7,,1016.6,,75.92
2021-09-25,20.8,17.2,25,0,0,7,7.9,,1015.6,,77
2021-09-26,20.7,17.8,23.3,0,0,285,20.5,,1012,,73.94
2021-09-27,22.2,18.3,27.8,0,0,237,20.5,,1013.4,,82.04
2021-09-28,22.1,17.2,23.9,2.5,0,260,16.2,,1010.2,,75.02
2021-09-29,18,13.3,21.1,0,0,350,16.6,,1014.7,,69.98
2021-09-30,17.5,14.4,20,0,0,341,14.8,,1018.7,,68
2021-10-01,16.3,12.2,21.1,0,0,305,12.2,,1023,,69.98
2021-10-02,19.5,15,25,0,0,248,11.9,,1020.1,,77
2021-10-03,22.1,17.2,27.2,0,0,207,9,,1014.6,,80.96
2021-10-04,21.4,17.2,23.3,2.8,0,58,16.6,,1014.3,,73.94
2021-10-05,17.2,16.1,18.9,0,0,50,13.3,,1022.9,,66.02
2021-10-06,18.6,16.7,21.7,0,0,35,6.8,,1027.5,,71.06
2021-10-07,20.7,17.8,25.6,0,0,34,6.5,,1024.7,,78.08
2021-10-08,20.7,18.3,24.4,0,0,42,11.5,,1020.8,,75.92
2021-10-09,18.9,16.1,21.1,0,0,61,22.7,,1023.2,,69.98
2021-10-10,18.3,17.2,20.6,2.8,0,55,27.4,,1021.3,,69.08
2021-10-11,19.4,17.8,22.8,0,0,49,20.9,,1018.2,,73.04
2021-10-12,19.2,17.2,21.7,0,0,64,10.1,,1019,,71.06
2021-10-13,19.8,18.3,21.7,0,0,252,6.8,,1016.3,,71.06
2021-10-14,21.7,18.9,26.1,0,0,326,10.8,,1013.3,,78.98
2021-10-15,22.5,19.4,28.3,0,0,197,8.6,,1012.5,,82.94
2021-10-16,22.2,15.6,25,4.1,0,196,21.6,,1007.2,,77
2021-10-17,15.8,12.8,18.3,0.3,0,289,24.1,,1008.7,,64.94
2021-10-18,13.4,11.1,16.7,0,0,300,24.1,,1011.2,,62.06
2021-10-19,13.9,10.6,20.6,0,0,270,21.2,,1014.8,,69.08
2021-10-20,20,15.6,26.7,0,0,263,16.9,,1015.3,,80.06
2021-10-21,21.1,16.7,25,0,0,208,13.7,,1014.3,,77
2021-10-22,19.7,15,22.2,0,0,279,16.6,,1010.9,,71.96
2021-10-23,14.2,10.6,16.1,0,0,329,13.3,,1014.4,,60.98
2021-10-24,13.1,10.6,16.1,0.8,0,264,10.8,,1020.2,,60.98
2021-10-25,18.4,14.4,23.9,10.2,0,151,13.7,,1013.2,,75.02
2021-10-26,17.1,13.9,17.8,63,0,47,25.2,,997.5,,64.04
2021-10-27,15.1,12.8,16.7,3.6,0,354,25.9,,1003.7,,62.06
2021-10-28,12.9,10,15,0,0,45,15.1,,1013.6,,59
2021-10-29,12.4,9.4,14.4,8.6,0,74,27.4,,1011,,57.92
2021-10-30,15.4,13.3,20,4.1,0,93,17.3,,1003,,68
2021-10-31,16,13.9,19.4,1.5,0,265,17.3,,1001.8,,66.92
2021-11-01,15.2,12.2,16.7,0,0,286,19.8,,1016.2,,62.06
2021-11-02,12.3,8.9,12.8,0,0,270,12.2,,1022,,55.04
2021-11-03,9.5,7.2,12.8,0,0,314,18,,1023.7,,55.04
2021-11-04,8.5,5.6,11.1,0,0,28,11.2,,1026.5,,51.98
2021-11-05,8.9,5.6,11.7,0,0,7,13,,1027,,53.06
2021-11-06,9.4,6.7,12.2,0,0,54,8.3,,1028.7,,53.96
2021-11-07,9.7,6.1,13.9,0,0,14,7.2,,1022.1,,57.02
2021-11-08,13.1,9.4,18.9,0,0,0,9.7,,1019.6,,66.02
2021-11-09,15.5,10.6,22.2,0,0,327,5.4,,1018.3,,71.96
2021-11-10,16.4,11.7,18.9,0,0,331,13.7,,1018.3,,66.02
2021-11-11,12.4,7.8,16.7,0,0,65,14.4,,1024.8,,62.06
2021-11-12,17.3,13.3,20.6,8.9,0,197,22,,1014.2,,69.08
2021-11-13,12.8,6.1,17.8,5.8,0,226,21.2,,1009,,64.04
2021-11-14,7.2,5.6,9.4,0.3,0,231,16.9,,1012,,48.92
2021-11-15,7.7,5.6,10,0.3,0,258,21.2,,1009.9,,50
2021-11-16,7.1,4.4,10.6,0,0,273,19.8,,1020,,51.08
2021-11-17,9.3,4.4,14.4,0,0,174,11.2,,1024.3,,57.92
2021-11-18,15.2,9.4,21.1,1.3,0,206,15.1,,1015.8,,69.98
2021-11-19,9.9,5.6,10,0.8,0,303,27,,1023.5,,50
2021-11-20,6.3,3.9,8.9,0,0,286,11.2,,1032.9,,48.02
2021-11-21,9.8,8.3,13.9,0,0,206,14,,1023.9,,57.02
2021-11-22,11.2,3.3,13.9,1,0,290,21.2,,1011.6,,57.02
2021-11-23,3.9,1.7,6.7,0,0,318,28.1,,1016.2,,44.06
2021-11-24,3.5,0.6,8.3,0,0,302,19.1,,1025.3,,46.94
2021-11-25,8.6,5,13.9,0,0,235,9.7,,1016.6,,57.02
2021-11-26,8.9,3.3,10.6,2,0,262,25.9,,1004.2,,51.08
2021-11-27,4,2.2,5.6,0,0,301,28.4,,1010.5,,42.08
2021-11-28,2.9,1.1,6.7,0,0,354,8.3,,1011.7,,44.06
2021-11-29,5.3,1.7,6.1,0.3,0,318,21.2,,1012.2,,42.98
2021-11-30,3.1,1.1,6.1,0,0,251,15.1,,1015.4,,42.98
2021-12-01,7.4,6.1,10,0,0,248,15.8,,1019.5,,50
2021-12-02,11.3,7.8,15.6,1,0,208,19.8,,1007.8,,60.08
2021-12-03,9.3,4.4,10,0,0,306,28.1,,1012.6,,50
2021-12-04,5.9,3.9,9.4,0,0,257,11.2,,1019.5,,48.92
2021-12-05,7.4,5.6,9.4,0,0,338,11.5,,1026.8,,48.92
2021-12-06,10.7,7.8,16.1,11.2,0,198,23,,1010.7,,60.98
2021-12-07,7,3.9,7.2,0,0,281,17.6,,1019.8,,44.96
2021-12-08,4.5,2.2,6.1,1,0,34,14.8,,1016.1,,42.98
2021-12-09,2.8,1.1,4.4,0,0,310,18.4,,1021.5,,39.92
2021-12-10,6.7,4.4,10.6,0,0,191,10.8,,1021.2,,51.08
2021-12-11,10.8,7.2,19.4,3.6,0,149,16.9,,1008.3,,66.92
2021-12-12,10.7,6.7,15,0,0,294,27,,1017.9,,59
2021-12-13,8.3,5.6,12.2,0,0,235,19.1,,1023.9,,53.96
2021-12-14,10.1,6.7,12.2,0,0,334,14.8,,1031.2,,53.96
2021-12-15,8.3,4.4,12.8,0,0,76,12.6,,1034.2,,55.04
2021-12-16,13.6,12.8,17.2,0,0,224,18.4,,1017.7,,62.96
2021-12-17,15.2,10,16.7,0,0,278,19.8,,1017,,62.06
2021-12-18,7.6,4.4,10,2.3,0,46,12.2,,1017.9,,50
2021-12-19,5.7,-0.5,7.2,0.3,0,333,25.6,,1016.9,,44.96
2021-12-20,0,-2.7,3.3,0,0,318,13.7,,1026.1,,37.94
2021-12-21,2.9,0.6,6.1,0,0,76,9.7,,1017.9,,42.98
2021-12-22,6.2,1.7,8.9,4.1,0,332,25.9,,1005.2,,48.02
2021-12-23,1.8,0,2.8,0,0,323,22.7,,1020.1,,37.04
2021-12-24,1.7,-0.5,3.9,0.5,30,73,12.6,,1018.1,,39.02
2021-12-25,4.7,2.2,10.6,4.1,0,34,9,,1003.1,,51.08
2021-12-26,8.7,5,11.1,0,0,317,30.6,,1010.9,,51.98
2021-12-27,3.7,1.7,5,2,0,29,13.7,,1016.8,,41
2021-12-28,5.2,2.8,8.9,1.3,0,321,10.4,,1010.5,,48.02
2021-12-29,6.3,5.6,6.7,4.1,0,59,13,,1012.4,,44.06
2021-12-30,7.2,6.1,9.4,1.3,0,52,9,,1013.7,,48.92
2021-12-31,10,8.9,12.8,0,0,190,10.4,,1013.6,,55.04
2022-01-01,11.6,10,13.9,19.3,0,154,10.1,,1008.3,,57.02
2022-01-02,11.4,3.9,15.6,1,0,328,15.5,,1004.6,,60.08
2022-01-03,1.4,-4.3,3.9,0,0,358,23,,1019.4,,39.02
2022-01-04,-2.7,-6,2.2,0,0,286,14,,1028.1,,35.96
2022-01-05,3.2,0,8.9,6.1,0,209,12.2,,1014,,48.02
2022-01-06,4.9,2.2,6.1,0,0,299,18,,1011.2,,42.98
2022-01-07,0.7,-2.1,2.2,8.4,200,326,29.9,,1012.1,,35.96
2022-01-08,-2.5,-4.9,0,0,130,303,17.3,,1032.8,,32
2022-01-09,1.4,-1,5.6,2.8,80,225,17.6,,1023,,42.08
2022-01-10,1.6,-3.2,5.6,0,0,300,27,,1019.2,,42.08
2022-01-11,-5.4,-8.2,-3.2,0,0,316,23,,1030.9,,26.24
2022-01-12,-1.9,-6.6,5.6,0,0,215,15.8,,1022.9,,42.08
2022-01-13,4,0.6,7.8,0,0,50,9.4,,1015.2,,46.04
2022-01-14,4.8,-5.5,6.1,0,0,358,27.4,,1009.6,,42.98
2022-01-15,-6.7,-10.5,-5.5,0,0,357,20.9,,1024.2,,22.1
2022-01-16,-8,-12.1,4.4,9.1,0,39,19.8,,1024.6,,39.92
2022-01-17,3.9,1.7,7.8,26.9,0,221,31,,990,,46.04
2022-01-18,1.8,-0.5,3.3,0,0,306,30.2,,1011,,37.94
2022-01-19,3.2,-1.6,10.6,0,0,206,16.9,,1017.8,,51.08
2022-01-20,5.1,-4.9,8.3,6.4,0,319,19.4,,1020.3,,46.94
2022-01-21,-6,-9.3,-4.9,0,0,5,22.3,,1033.2,,23.18
2022-01-22,-5.9,-9.9,-1,0,0,27,12.2,,1027.2,,30.2
2022-01-23,-0.7,-3.2,3.3,0.3,0,250,15.1,,1012.7,,37.94
2022-01-24,-0.2,-2.1,3.3,0,0,2,13,,1011.4,,37.94
2022-01-25,3.6,-1,6.1,0,0,287,16.9,,1014.1,,42.98
2022-01-26,-2.3,-6,-1,0,0,335,20.2,,1027,,30.2
2022-01-27,-4.2,-7.7,0,0,0,141,13.3,,1029.1,,32
2022-01-28,0.1,-1,1.7,2.8,0,15,12.6,,1019.5,,35.06
2022-01-29,-4.8,-9.3,-1,12.4,130,331,36.7,,1006.2,,30.2
2022-01-30,-7.1,-9.9,-2.7,0,180,292,22,,1015.6,,27.14
2022-01-31,-3.4,-7.1,-1,0,150,43,10.4,,1027.3,,30.2
2022-02-01,-1.7,-4.3,2.8,0,130,45,12.2,,1033.6,,37.04
2022-02-02,2.3,-0.5,5.6,0,100,55,8.3,,1030.2,,42.08
2022-02-03,6.4,3.9,8.9,10.7,50,174,9.4,,1023,,48.02
2022-02-04,5.8,-2.1,12.8,18.8,0,334,19.1,,1012.9,,55.04
2022-02-05,-2.8,-6,-1.6,0,0,322,28.4,,1024.3,,29.12
2022-02-06,-4.8,-8.2,0,0,0,67,11.5,,1035.6,,32
2022-02-07,0.5,-0.5,4.4,3.8,0,27,11.2,,1024.9,,39.92
2022-02-08,4.1,1.1,8.3,2,0,306,20.5,,1013.7,,46.94
2022-02-09,2.8,-0.5,6.7,0,0,215,13.3,,1017,,44.06
2022-02-10,6.3,1.1,13.3,0,0,271,15.8,,1011.6,,55.94
2022-02-11,8.6,2.8,13.3,0,0,176,18,,1014.2,,55.94
2022-02-12,11.8,5.6,15.6,0,0,250,21.2,,1013.7,,60.08
2022-02-13,2.8,-3.2,5.6,4.8,30,11,16.9,,1019.5,,42.08
2022-02-14,-4.3,-7.7,-2.7,0,50,315,28.4,,1021.4,,27.14
2022-02-15,-4.7,-7.7,0,0,0,286,17.6,,1036.4,,32
2022-02-16,1.6,-2.7,8.3,0,0,184,16.2,,1036.6,,46.94
2022-02-17,11.6,8.3,17.2,7.6,0,180,20.2,,1018.9,,62.96
2022-02-18,9.9,-2.1,17.2,6.4,0,287,32.8,,1006.7,,62.96
2022-02-19,0.1,-3.8,5,0,0,265,27.4,,1016.8,,41
2022-02-20,-2.6,-5.5,2.2,0,0,256,20.9,,1029.2,,35.96
2022-02-21,4.1,0.6,12.2,0,0,192,12.2,,1026.9,,53.96
2022-02-22,5.6,2.2,13.3,5.8,0,96,16.2,,1022.8,,55.94
2022-02-23,14.4,2.2,20,0,0,246,23,,1015.3,,68
2022-02-24,1.1,-1.6,2.2,0,0,15,17.3,,1030.2,,35.96
2022-02-25,0.8,-2.7,6.1,20.8,0,11,23.8,,1020.4,,42.98
2022-02-26,-1.1,-4.3,3.3,0,0,301,18,,1028.2,,37.94
2022-02-27,2.4,-1,8.9,0,0,267,25.9,,1016.5,,48.02
2022-02-28,0.8,-2.7,2.2,0,0,333,18.7,,1023.5,,35.96
2022-03-01,2.6,-0.5,8.9,0,0,166,15.1,,1020.4,,48.02
2022-03-02,7.7,4.4,11.7,0,0,274,16.9,,1014.4,,53.06
2022-03-03,5.6,-3.8,8.9,0.8,0,301,29.5,,1017.4,,48.02
2022-03-04,-1.9,-5.5,3.3,0,0,287,15.1,,1032.2,,37.94
2022-03-05,3.1,-0.5,7.2,0,0,127,10.8,,1031.3,,44.96
2022-03-06,9.6,3.9,20,1.3,0,194,16.9,,1017,,68
2022-03-07,18.2,10,23.3,1.3,0,212,22.3,,1006.5,,73.94
2022-03-08,8.7,4.4,10,0,0,320,29.5,,1016.9,,50
2022-03-09,3.2,0.6,5,14.7,0,63,15.8,,1017.4,,41
2022-03-10,4,0,10,0,0,41,9,,1020.5,,50
2022-03-11,7.2,2.2,11.7,0,0,157,11.2,,1017.1,,53.06
2022-03-12,5.1,-3.8,8.3,11.9,0,303,30.2,,998.4,,46.94
2022-03-13,-2.3,-4.9,1.7,0,0,263,26.3,,1019.8,,35.06
2022-03-14,5.3,1.1,13.9,0,0,221,15.8,,1027.6,,57.02
2022-03-15,11.6,7.8,20,0,0,211,14.8,,1022.7,,68
2022-03-16,13.6,6.1,17.8,0,0,37,12.6,,1021.6,,64.04
2022-03-17,8.2,5.6,12.8,2.8,0,41,14.8,,1016.8,,55.04
2022-03-18,13.9,9.4,22.8,0,0,277,12.2,,1014.9,,73.04
2022-03-19,13.1,7.8,20,1.8,0,156,11.9,,1009.7,,68
2022-03-20,14.3,7.8,16.1,0,0,284,26.3,,1008.1,,60.98
2022-03-21,10.4,6.7,16.7,0,0,306,23,,1016.7,,62.06
2022-03-22,10.7,6.7,13.9,0,0,316,25.9,,1020.5,,57.02
2022-03-23,7.2,3.9,8.3,2.8,0,58,18.7,,1023.3,,46.94
2022-03-24,5.7,3.9,8.3,25.9,0,52,27.4,,1013.3,,46.94
2022-03-25,9.6,6.7,15.6,0.8,0,287,17.3,,1002.8,,60.08
2022-03-26,10.4,6.1,11.7,1,0,264,19.8,,998.4,,53.06
2022-03-27,5.9,-1,7.2,0,0,291,29.5,,1003.4,,44.96
2022-03-28,-1.5,-4.3,0,0,0,303,35.6,,1012.6,,32
2022-03-29,-1.2,-3.8,2.8,0,0,313,30.6,,1019.8,,37.04
2022-03-30,2.6,-1,8.3,0,0,268,14,,1021.6,,46.94
2022-03-31,9.9,5.6,17.8,1.3,0,149,17.3,,1006.1,,64.04
2022-04-01,13.1,6.1,16.1,6.6,0,283,27.4,,1002.1,,60.98
2022-04-02,7.2,3.9,12.8,0,0,287,22,,1016.1,,55.04
2022-04-03,7,5,7.8,2.3,0,155,14.4,,1010,,46.04
2022-04-04,7.6,4.4,12.2,0,0,305,19.4,,1013.9,,53.96
2022-04-05,9.7,6.7,12.8,1.5,0,121,12.2,,1017,,55.04
2022-04-06,8.6,6.7,11.7,9.1,0,52,24.8,,1010.3,,53.06
2022-04-07,9.1,7.8,13.3,24.6,0,91,27,,1007.6,,55.94
2022-04-08,12.8,10,17.8,1,0,243,16.9,,1002,,64.04
2022-04-09,11.4,8.9,13.3,0.5,0,280,15.8,,1003.4,,55.94
2022-04-10,8.6,6.1,9.4,0,0,309,28.4,,1008.1,,48.92
2022-04-11,8.8,5.6,15.6,0,0,270,16.9,,1018,,60.08
2022-04-12,13.4,10,21.7,1,0,260,11.9,,1016,,71.06
2022-04-13,15.4,10,20.6,0,0,101,12.2,,1015.5,,69.08
2022-04-14,16.3,12.8,21.7,2.8,0,57,17.6,,1008.1,,71.06
2022-04-15,15.7,10.6,20.6,0,0,270,19.8,,1018,,69.08
2022-04-16,15.7,7.2,21.1,3.6,0,200,20.2,,1013.2,,69.98
2022-04-17,8.3,5.6,10,0,0,322,25.2,,1019.3,,50
2022-04-18,7.9,5,11.7,23.4,0,57,20.5,,1024.7,,53.06
2022-04-19,7.6,4.4,10,29,0,291,31.7,,1006.5,,50
2022-04-20,9.4,6.1,15.6,0,0,287,19.8,,1025.1,,60.08
2022-04-21,10.6,7.2,15,0,0,151,19.4,,1030.4,,59
2022-04-22,14.6,11.1,20,0,0,297,17.3,,1027.2,,68
2022-04-23,13.3,10,16.1,0,0,83,11.2,,1027.5,,60.98
2022-04-24,12.8,8.9,15.6,0,0,101,14.8,,1024,,60.08
2022-04-25,10.4,7.8,14.4,0,0,90,15.1,,1023.9,,57.92
2022-04-26,11.5,10,15.6,1.3,0,62,13.7,,1017.8,,60.08
2022-04-27,11.6,5.6,15,0,0,310,34.6,,1013.8,,59
2022-04-28,8.2,5,13.3,0,0,319,33.5,,1015.7,,55.94
2022-04-29,10.4,5.6,16.7,0,0,319,27.7,,1018,,62.06
2022-04-30,12.9,8.3,19.4,0,0,311,13,,1019.1,,66.92
2022-05-01,13.6,8.9,19.4,0,0,125,13.7,,1019.2,,66.92
2022-05-02,12.1,10,13.9,8.9,0,67,15.5,,1017.4,,57.02
2022-05-03,12.4,10,16.1,0,0,53,16.2,,1020.5,,60.98
2022-05-04,12,10,19.4,3,0,57,9.7,,1015.5,,66.92
2022-05-05,17.2,13.3,21.7,0,0,5,14.8,,1017.2,,71.06
2022-05-06,14.8,10,16.7,18.8,0,128,13.7,,1013.6,,62.06
2022-05-07,10,7.8,11.1,26.9,0,53,32,,1010.9,,51.98
2022-05-08,10.4,7.8,15,0.5,0,51,28.8,,1018.7,,59
2022-05-09,13.5,8.3,20.6,0,0,43,25.2,,1023.1,,69.08
2022-05-10,15.4,11.7,21.7,0,0,45,23,,1026.6,,71.06
2022-05-11,16.1,11.7,24.4,0,0,45,14.8,,1024.7,,75.92
2022-05-12,17.1,13.9,22.2,0,0,55,15.1,,1025.4,,71.96
2022-05-13,16,13.3,18.9,0,0,60,14,,1024.3,,66.02
2022-05-14,17.9,14.4,23.3,7.1,0,125,10.4,,1018.1,,73.94
2022-05-15,18.8,15,25.6,0.5,0,197,11.2,,1011.3,,78.08
2022-05-16,20.4,16.7,23.9,11.9,0,187,16.6,,1004.9,,75.02
2022-05-17,19.7,15,25.6,0,0,286,25.2,,1007.5,,78.08
2022-05-18,17.8,13.9,22.8,0,0,289,17.6,,1013.3,,73.04
2022-05-19,15.5,12.8,20,18.3,0,87,10.8,,1008.4,,68
2022-05-20,15.4,12.2,20,11.2,0,70,13.3,,1013.5,,68
2022-05-21,21.2,14.4,32.8,0,0,352,9.4,,1015.1,,91.04
2022-05-22,27.8,21.7,33.3,0,0,216,13.7,,1015.1,,91.94
2022-05-23,21,16.7,22.8,0,0,351,18,,1020.9,,73.04
2022-05-24,17.4,14.4,18.3,0,0,89,18.4,,1025.4,,64.94
2022-05-25,16.2,12.8,21.1,0,0,111,13,,1028,,69.98
2022-05-26,16.4,12.8,21.1,0,0,156,16.2,,1024.3,,69.98
2022-05-27,20.2,17.8,26.1,4.1,0,172,15.8,,1012.9,,78.98
2022-05-28,20.4,17.2,25,6.9,0,243,12.6,,1007.3,,77
2022-05-29,20.7,16.7,26.1,0,0,245,9.4,,1016.8,,78.98
2022-05-30,23.3,18.3,30,0,0,204,13,,1018.1,,86
2022-05-31,28.3,17.2,33.9,0,0,309,18.4,,1013.8,,93.02
2022-06-01,17.8,15,19.4,21.3,0,59,18.4,,1013.8,,66.92
2022-06-02,20.3,16.7,28.3,13.2,0,16,11.2,,1007,,82.94
2022-06-03,19.5,16.1,23.9,0,0,58,13.7,,1007.7,,75.02
2022-06-04,21.9,17.2,27.2,0,0,57,10.8,,1010.9,,80.96
2022-06-05,20,15.6,24.4,0,0,74,11.5,,1015.1,,75.92
2022-06-06,22.2,17.8,27.2,0,0,229,10.8,,1016.8,,80.96
2022-06-07,21.8,18.3,25.6,1.3,0,185,24.8,,1016.4,,78.08
2022-06-08,23.7,19.4,29.4,0,0,232,14.8,,1010.9,,84.92
2022-06-09,24.4,18.9,29.4,17.8,0,248,23.4,,1004.2,,84.92
2022-06-10,21.8,17.8,26.7,0,0,296,15.8,,1010.1,,80.06
2022-06-11,21.8,18.3,23.9,5.8,0,71,12.6,,1012.8,,75.02
2022-06-12,20.5,17.8,22.8,2,0,188,15.1,,1014.3,,73.04
2022-06-13,24.2,20.6,30,0,0,27,8.6,,1012.1,,86
2022-06-14,23.9,19.4,28.3,0,0,29,10.4,,1012.7,,82.94
2022-06-15,23.3,19.4,27.2,0,0,102,15.8,,1018.4,,80.96
2022-06-16,20.3,17.2,22.8,7.1,0,180,19.8,,1019.2,,73.04
2022-06-17,25.2,21.1,33.3,0,0,255,20.2,,1006,,91.94
2022-06-18,21.7,15,25,0,0,318,30.2,,1006.3,,77
2022-06-19,17.3,13.3,23.3,0,0,324,25.9,,1013.7,,73.94
2022-06-20,20.5,16.1,26.1,0,0,306,14.4,,1019,,78.98
2022-06-21,22.1,17.8,25,2.3,0,39,9.7,,1019.4,,77
2022-06-22,19.1,16.7,20,2.5,0,131,16.6,,1016.9,,68
2022-06-23,19.2,15.6,23.9,0,0,97,13.7,,1014.9,,75.02
2022-06-24,21.9,17.8,28.3,0,0,205,9,,1016.1,,82.94
2022-06-25,25.8,20.6,32.2,0,0,278,11.5,,1018.4,,89.96
2022-06-26,27,21.7,32.8,0,0,205,14.4,,1017.9,,91.04
2022-06-27,24.3,20.6,26.1,12.2,0,224,14.4,,1014.2,,78.98
2022-06-28,22.4,20,26.1,0,0,24,12.6,,1020,,78.98
2022-06-29,23.9,18.9,30,0,0,203,11.5,,1022.2,,86
2022-06-30,25.4,21.7,31.1,0,0,301,12.2,,1021,,87.98
2022-07-01,28.1,23.9,35,0,0,209,16.9,,1016.2,,95
2022-07-02,28.7,25,32.8,0,0,227,14.4,,1012.2,,91.04
2022-07-03,26.9,23.3,31.1,0,0,22,13.3,,1015.6,,87.98
2022-07-04,25.6,20,30.6,0,0,344,10.1,,1019.8,,87.08
2022-07-05,25.9,22.8,31.1,2,0,201,19.8,,1015.5,,87.98
2022-07-06,26,22.8,30,0,0,308,16.6,,1010.2,,86
2022-07-07,24.2,21.1,27.8,0,0,69,16.9,,1015.3,,82.04
2022-07-08,23.5,20,30,7.4,0,177,10.8,,1015.3,,86
2022-07-09,24.7,22.2,28.9,0,0,66,11.2,,1016.2,,84.02
2022-07-10,23.4,20,27.8,0,0,67,16.9,,1017.5,,82.04
2022-07-11,24,20.6,28.9,0,0,203,18.7,,1013.6,,84.02
2022-07-12,25.8,21.7,32.8,0,0,204,19.8,,1007.6,,91.04
2022-07-13,28.9,23.9,33.3,0,0,266,12.6,,1010.8,,91.94
2022-07-14,26.6,22.2,32.2,0,0,22,12.2,,1014.2,,89.96
2022-07-15,26.1,22.2,30,0,0,78,14,,1019.8,,86
2022-07-16,24.3,20.6,28.9,14,0,103,12.6,,1018.7,,84.02
2022-07-17,25.7,22.8,28.9,0,0,193,11.5,,1016.1,,84.02
2022-07-18,26.2,22.8,31.1,8.6,0,163,16.6,,1011.6,,87.98
2022-07-19,28.2,23.9,33.9,0,0,264,20.2,,1007.7,,93.02
2022-07-20,31.3,26.7,36.1,0,0,239,13.3,,1007.1,,96.98
2022-07-21,29.8,23.3,36.1,14.5,0,211,16.9,,1004.5,,96.98
2022-07-22,30.9,26.1,35.6,0,0,281,12.6,,1010.6,,96.08
2022-07-23,30.3,26.1,36.1,0,0,270,12.6,,1015.2,,96.98
2022-07-24,31.1,27.8,36.7,0,0,216,17.6,,1014.8,,98.06
2022-07-25,29.8,23.3,31.7,19.3,0,206,16.9,,1011.2,,89.06
2022-07-26,25.9,22.2,27.8,0,0,316,12.2,,1014.8,,82.04
2022-07-27,25.5,21.1,30,0,0,105,13,,1013.3,,86
2022-07-28,26.7,23.9,31.1,2,0,192,15.5,,1010,,87.98
2022-07-29,28.2,23.9,30.6,0.5,0,283,12.6,,1011.8,,87.08
2022-07-30,26.7,23.3,31.1,0,0,323,16.9,,1016.1,,87.98
2022-07-31,26.3,22.2,30.6,0,0,100,12.2,,1020.4,,87.08
2022-08-01,23.1,20,26.1,10.4,0,16,11.2,,1014.2,,78.98
2022-08-02,26.4,21.7,33.9,0,0,233,13,,1009.5,,93.02
2022-08-03,27.6,23.3,33.3,0,0,71,14,,1014.6,,91.94
2022-08-04,29.1,26.1,34.4,0,0,208,15.1,,1016.7,,93.92
2022-08-05,29.3,26.7,34.4,0,230,219,13,,1019.5,,93.92
2022-08-06,29.6,26.1,34.4,0,0,210,15.1,,1021.7,,93.92
2022-08-07,29.6,25,33.9,15.5,0,212,17.3,,1020.1,,93.02
2022-08-08,30.3,26.7,34.4,0,0,212,19.8,,1014.9,,93.92
2022-08-09,31.3,26.7,36.7,1.3,0,261,14.4,,1012.3,,98.06
2022-08-10,27.2,23.9,30,0,0,63,13.7,,1015.9,,86
2022-08-11,26.6,23.3,32.8,3.3,0,11,11.9,,1011.9,,91.04
2022-08-12,25.6,22.2,29.4,0,0,17,18,,1014.9,,84.92
2022-08-13,23.1,18.9,26.7,0,0,11,14.4,,1018.3,,80.06
2022-08-14,24,21.1,28.3,0,0,176,14,,1017.3,,82.94
2022-08-15,24.3,21.7,28.3,0,0,134,10.4,,1015.4,,82.94
2022-08-16,23.6,19.4,28.9,0,0,61,13.7,,1015.8,,84.02
2022-08-17,23.6,20,27.8,7.9,0,14,10.8,,1015.1,,82.04
2022-08-18,24.1,20,31.1,0,0,302,12.2,,1012.4,,87.98
2022-08-19,26.3,22.8,32.2,0,0,252,13,,1017.1,,89.96
2022-08-20,27.9,24.4,32.8,0,0,186,11.5,,1020.2,,91.04
2022-08-21,25.3,22.8,28.3,0,0,162,14,,1019.2,,82.94
2022-08-22,24.5,22.8,27.2,6.1,0,103,12.2,,1012.7,,80.96
2022-08-23,25.9,22.8,31.1,0,0,335,14,,1009.3,,87.98
2022-08-24,26.9,23.3,32.2,0,0,286,14.4,,1013.6,,89.96
2022-08-25,28.1,23.9,32.8,0,0,272,11.9,,1016.2,,91.04
2022-08-26,27.4,25.6,31.1,7.1,0,193,14.4,,1013.1,,87.98
2022-08-27,27.8,23.9,31.1,0,0,55,10.8,,1015,,87.98
2022-08-28,24.6,22.8,26.7,0,0,77,16.9,,1020.5,,80.06
2022-08-29,26,23.9,30.6,0,0,180,16.6,,1018.9,,87.08
2022-08-30,26.8,23.9,31.7,1,0,190,18.4,,1011.6,,89.06
2022-08-31,25.6,22.2,29.4,0,0,295,19.1,,1008.7,,84.92
2022-09-01,25.9,20.6,30,0,0,299,20.9,,1013.2,,86
2022-09-02,21.7,17.2,25.6,0,0,61,15.8,,1023.4,,78.08
2022-09-03,22.8,20,27.8,0,0,132,11.2,,1024,,82.04
2022-09-04,25.3,22.8,31.7,0,0,211,10.8,,1019.4,,89.06
2022-09-05,25.8,23.3,30.6,0.3,0,120,14,,1017.9,,87.08
2022-09-06,23.3,20,24.4,29.5,0,108,13.7,,1015.7,,75.92
2022-09-07,20.8,19.4,23.3,0,0,47,21.6,,1015.2,,73.94
2022-09-08,21.8,18.3,25.6,0,0,44,12.6,,1013,,78.08
2022-09-09,21.9,17.8,27.2,0,0,62,14.4,,1017.8,,80.96
2022-09-10,23.6,20,30,0,0,249,9.7,,1022.7,,86
2022-09-11,23.2,19.4,25,6.9,0,20,9.4,,1019.6,,77
2022-09-12,22.4,20.6,27.8,23.6,0,62,10.8,,1010.4,,82.04
2022-09-13,24.7,20,28.9,42.9,0,156,15.5,,1007.1,,84.02
2022-09-14,22.9,18.3,26.7,0,0,294,18.7,,1013.4,,80.06
2022-09-15,21.8,18.3,23.3,0,0,333,17.3,,1020,,73.94
2022-09-16,19.6,15,25,0,0,2,9.4,,1021.7,,77
2022-09-17,20.8,18.3,23.3,0,0,93,15.1,,1023.5,,73.94
2022-09-18,23.4,20,29.4,0,0,226,18,,1017.5,,84.92
2022-09-19,25.6,21.7,30,1.8,0,237,15.5,,1012.2,,86
2022-09-20,23.2,20.6,26.1,0,0,303,18.7,,1011.6,,78.98
2022-09-21,22,18.3,27.2,0,0,279,11.9,,1012.6,,80.96
2022-09-22,21.8,14.4,25.6,4.3,0,261,22.3,,1004,,78.08
2022-09-23,15.1,11.1,17.8,0,0,322,31.7,,1012.5,,64.04
2022-09-24,14.5,10.6,21.7,0,0,293,15.5,,1014.7,,71.06
2022-09-25,19.2,16.1,25,19.8,0,203,15.5,,1006.9,,77
2022-09-26,19.4,15.6,25.6,0,0,232,17.6,,1005.3,,78.08
2022-09-27,19.7,16.7,21.7,0,0,250,15.5,,1010.9,,71.06
2022-09-28,17.2,12.8,21.1,0,0,302,16.2,,1018.8,,69.98
2022-09-29,16.6,13.3,19.4,0,0,27,18.4,,1026.8,,66.92
2022-09-30,14.5,11.7,17.8,0,0,50,20.2,,1025,,64.04
2022-10-01,14.8,11.7,17.2,16.8,0,34,28.1,,1016.5,,62.96
2022-10-02,15.2,11.7,16.7,1.8,0,39,36.7,,1018.3,,62.06
2022-10-03,11.5,9.4,12.8,11.4,0,31,30.2,,1022.4,,55.04
2022-10-04,10.3,7.8,15,45,0,21,25.2,,1015.2,,59
2022-10-05,13.8,12.2,15,10.7,0,4,17.3,,1012.5,,59
2022-10-06,17.6,13.9,24.4,0,0,336,6.1,,1014.1,,75.92
2022-10-07,20.3,15,25.6,0,0,303,14,,1014.3,,78.08
2022-10-08,13.9,10,15,0.5,0,320,17.3,,1020.3,,59
2022-10-09,12.3,7.8,17.8,0,0,270,12.6,,1020.5,,64.04
2022-10-10,15.8,11.7,20.6,0,0,236,11.9,,1022.1,,69.08
2022-10-11,17,12.2,22.2,0,0,280,9,,1025.2,,71.96
2022-10-12,17.9,14.4,21.1,0,0,208,12.6,,1022.2,,69.98
2022-10-13,18.7,12.8,21.7,19.8,0,168,19.8,,1011.4,,71.06
2022-10-14,15.7,11.7,20.6,5.1,0,337,13.3,,1011.8,,69.08
2022-10-15,16.2,11.7,20.6,0,0,191,13,,1015.8,,69.08
2022-10-16,16.1,12.2,19.4,0,0,334,6.8,,1013.4,,66.92
2022-10-17,16.6,13.9,20,3.3,0,193,12.2,,1005.4,,68
2022-10-18,12.6,9.4,14.4,0,0,285,17.6,,1004.2,,57.92
2022-10-19,10,6.7,12.8,0,0,245,18,,1010,,55.04
2022-10-20,11.1,7.2,15.6,0,0,223,19.8,,1014.8,,60.08
2022-10-21,13.4,9.4,17.8,0,0,236,8.6,,1019.5,,64.04
2022-10-22,14.4,10,19.4,0,0,119,7.2,,1024.3,,66.92
2022-10-23,14.7,13.3,16.7,0,0,45,21.6,,1024.7,,62.06
2022-10-24,14.1,12.8,16.7,11.7,0,41,21.2,,1021.7,,62.06
2022-10-25,16.9,16.1,19.4,0.3,0,51,11.9,,1018.1,,66.92
2022-10-26,18.3,16.7,23.3,0,0,39,10.4,,1009.8,,73.94
2022-10-27,16.9,11.1,18.3,0,0,332,22.3,,1019.1,,64.94
2022-10-28,11.3,7.8,14.4,0,0,37,16.9,,1032.4,,57.92
2022-10-29,10.8,7.2,15,0,0,35,9.4,,1030.7,,59
2022-10-30,12.5,8.3,17.8,0,0,28,6.1,,1023.6,,64.04
2022-10-31,14.4,11.1,18.9,1.8,0,206,9.7,,1017.6,,66.02
2022-11-01,16.9,15,19.4,4.1,0,258,14,,1016.1,,66.92
2022-11-02,17.6,13.9,21.7,0,0,1,9.7,,1024.5,,71.06
2022-11-03,15.7,11.7,20,0,0,109,8.3,,1028.4,,68
2022-11-04,15.2,11.1,22.2,0,0,110,9.7,,1027.2,,71.96
2022-11-05,19.4,17.2,23.9,0,0,182,16.9,,1023.4,,75.02
2022-11-06,19.8,17.2,23.9,0.3,0,179,12.6,,1022.9,,75.02
2022-11-07,21.3,13.3,25.6,0.5,0,277,20.9,,1022.4,,78.08
2022-11-08,13.2,8.3,14.4,0,0,358,22,,1033.4,,57.92
2022-11-09,8.7,5,12.2,0,0,46,11.9,,1036.1,,53.96
2022-11-10,12.6,8.9,19.4,0,0,217,9.4,,1027.4,,66.92
2022-11-11,16.4,13.9,20.6,31.2,0,93,15.1,,1014,,69.08
2022-11-12,19.7,16.1,20.6,2.3,0,237,19.8,,1002.8,,69.08
2022-11-13,12.9,6.1,16.7,0.5,0,327,24.8,,1012.2,,62.06
2022-11-14,6.3,3.3,7.8,0,0,325,21.2,,1026.2,,46.04
2022-11-15,4.9,2.2,8.9,12.4,0,39,20.2,,1028.4,,48.02
2022-11-16,7.3,3.9,10.6,5.1,0,315,27.4,,1013.1,,51.08
2022-11-17,5.7,3.9,8.3,0,0,266,25.2,,1014.2,,46.94
2022-11-18,4.5,2.2,6.7,0,0,252,25.9,,1019.1,,44.06
2022-11-19,2.8,0,5,0,0,243,18,,1021.3,,41
2022-11-20,2.7,-0.5,4.4,0,0,280,29.5,,1020.2,,39.92
2022-11-21,1.1,-1.6,5.6,0,0,232,18.4,,1028.5,,42.08
2022-11-22,6.6,3.9,10.6,0,0,246,14.4,,1025.6,,51.08
2022-11-23,9.4,6.1,12.8,0,0,319,12.2,,1023.4,,55.04
2022-11-24,8.1,5,11.7,0,0,118,10.1,,1027,,53.06
2022-11-25,10,8.3,13.3,0,0,253,21.6,,1013.2,,55.94
2022-11-26,9.3,6.7,13.9,0,0,286,21.2,,1015.4,,57.02
2022-11-27,10.7,9.4,16.1,13.7,0,206,17.3,,1005.5,,60.98
2022-11-28,12.2,5.6,13.3,0,0,298,25.9,,1006.5,,55.94
2022-11-29,5.4,3.3,6.7,0,0,27,9.7,,1024.4,,44.06
2022-11-30,8.4,3.9,15,10.9,0,176,23.4,,1013.2,,59
2022-12-01,5.7,2.2,6.7,0,0,285,27.4,,1023.5,,44.06
2022-12-02,3.4,1.1,7.2,0,0,234,10.8,,1032.5,,44.96
2022-12-03,10.6,7.2,15,10.4,0,219,20.9,,1019.9,,59
2022-12-04,7,3.9,7.8,0,0,315,15.5,,1022,,46.04
2022-12-05,5.4,2.2,8.3,0,0,183,8.6,,1024.8,,46.94
2022-12-06,9.3,5,15.6,19.8,0,107,16.6,,1025.6,,60.08
2022-12-07,13.8,12.8,15,9.1,0,207,13.7,,1020.7,,59
2022-12-08,11.6,5.6,13.3,0,0,332,18.7,,1022.4,,55.94
2022-12-09,5.3,2.2,7.2,0,0,5,18,,1025.2,,44.96
2022-12-10,2.2,-0.5,3.9,0,0,52,16.9,,1028.1,,39.02
2022-12-11,3.4,0.6,5,6.4,0,55,20.5,,1022.8,,41
2022-12-12,1.6,-1,3.3,0,0,3,18.7,,1021.5,,37.94
2022-12-13,0.3,-2.7,5,0,0,329,18.4,,1024.1,,41
2022-12-14,1.7,0,4.4,0,0,330,21.6,,1020.7,,39.92
2022-12-15,2.7,0.6,6.7,15,0,54,22.7,,1020.6,,44.06
2022-12-16,6.2,3.9,8.3,13.7,0,18,32.8,,1004.1,,46.94
2022-12-17,5,2.8,7.2,0,0,280,24.1,,1006.8,,44.96
2022-12-18,3.1,1.1,4.4,0,0,288,22.7,,1013.5,,39.92
2022-12-19,1.7,0,3.9,0,0,284,25.9,,1022.8,,39.02
2022-12-20,1.9,0,4.4,0,0,325,18.7,,1028.9,,39.92
2022-12-21,1,-1.6,5,0,0,22,7.6,,1032,,41
2022-12-22,3.8,1.1,8.3,5.3,0,59,21.6,,1024.7,,46.94
2022-12-23,7.5,-12.7,15,24.1,0,218,39.2,,993.2,,59
2022-12-24,-11.7,-13.8,-8.8,0,0,264,31.7,,1009.3,,16.16
2022-12-25,-6.9,-9.3,-2.1,0,0,251,26.6,,1013.6,,28.22
2022-12-26,-4.7,-7.1,-1,0,0,272,19.1,,1022.6,,30.2
2022-12-27,-0.7,-1.6,1.7,0,0,270,15.8,,1025.1,,35.06
2022-12-28,3.4,0.6,8.3,0,0,221,12.2,,1026,,46.94
2022-12-29,6.4,3.3,10.6,0,0,211,12.2,,1025.7,,51.08
2022-12-30,9.3,3.3,15.6,0,0,181,9,,1024.4,,60.08
2022-12-31,8.2,5.6,12.8,7.9,0,83,7.6,,1015.3,,55.04
2023-01-01,10.7,7.8,12.8,0.5,0,289,14.8,,1012.4,,55.04
2023-01-02,10.8,9.4,13.3,0,0,268,9,,1019.3,,55.94
2023-01-03,9.6,6.1,12.8,10.9,0,69,9,,1014.3,,55.04
2023-01-04,13.7,6.7,18.9,0.3,0,172,13.3,,1010,,66.02
2023-01-05,7.9,6.7,8.9,0.8,0,43,12.2,,1013.6,,48.02
2023-01-06,6.7,4.4,8.9,6.1,0,11,13.7,,1015.7,,48.02
2023-01-07,5.3,3.3,7.2,0,0,299,18.4,,1020.8,,44.96
2023-01-08,3.4,0.6,4.4,0,0,317,13.7,,1024.4,,39.92
2023-01-09,4.4,3.3,6.7,0,0,300,15.8,,1014,,44.06
2023-01-10,4.4,3.9,5,0,0,303,14,,1016.8,,41
2023-01-11,3.2,1.7,4.4,0,0,55,15.5,,1023.6,,39.92
2023-01-12,4.9,2.2,13.9,7.6,0,79,18.4,,1017.2,,57.02
2023-01-13,10.7,3.3,12.8,2.5,0,242,21.6,,1002.2,,55.04
2023-01-14,2,-0.5,3.3,0,0,356,29.9,,1009.8,,37.94
2023-01-15,0.8,-1,4.4,0,0,352,34.9,,1015.4,,39.92
2023-01-16,2.1,-1,8.9,0,0,325,22.7,,1011.7,,48.02
2023-01-17,5.1,2.2,8.3,0,0,273,9.7,,1005.8,,46.94
2023-01-18,8.6,6.1,11.1,1,0,288,22.3,,1008.9,,51.98
2023-01-19,6.3,4.4,7.2,26.7,0,32,14,,1012.1,,44.96
2023-01-20,6.5,5,9.4,0.3,0,292,20.2,,1005.6,,48.92
2023-01-21,4.7,2.8,5,0,0,328,17.6,,1019.7,,41
2023-01-22,3.7,2.8,5.6,13.2,0,190,13,,1018.5,,42.08
2023-01-23,3.5,2.2,3.9,9.9,0,333,24.8,,1004,,39.02
2023-01-24,3.9,2.2,8.3,0,0,282,23,,1020,,46.94
2023-01-25,3.8,1.7,12.8,28.7,0,92,19.8,,1019.1,,55.04
2023-01-26,8.8,5,12.2,8.6,0,253,27.7,,1003,,53.96
2023-01-27,4.8,2.8,6.7,0,0,260,14.8,,1018.6,,44.06
2023-01-28,5.8,2.2,11.1,0,0,225,17.3,,1023.8,,51.98
2023-01-29,8.5,3.9,11.7,0,0,195,13.7,,1022.7,,53.06
2023-01-30,9.1,6.1,12.2,0,0,223,10.8,,1020,,53.96
2023-01-31,5.1,-0.5,10,1.3,0,348,14.8,,1021.7,,50
2023-02-01,0.3,-3.2,3.3,0.5,0,343,14.8,,1024.2,,37.94
2023-02-02,1.1,-2.1,4.4,0,0,246,15.5,,1019.2,,39.92
2023-02-03,-1.6,-11,2.2,0,0,295,40.3,,1016.5,,35.96
2023-02-04,-10.7,-14.9,-3.2,0,0,273,24.1,,1033.9,,26.24
2023-02-05,0.8,-3.2,8.9,0,0,202,13,,1021.5,,48.02
2023-02-06,6.2,1.7,10,0,0,359,16.6,,1016.9,,50
2023-02-07,2.1,-1,5.6,0.3,0,105,14.8,,1025,,42.08
2023-02-08,6.8,3.9,11.7,0,0,287,15.5,,1022.1,,53.06
2023-02-09,7.2,1.7,11.7,0,0,113,11.9,,1020.4,,53.06
2023-02-10,12.3,7.2,15.6,0,0,266,23.4,,1011.8,,60.08
2023-02-11,6.2,2.8,8.3,0,0,324,20.2,,1023.5,,46.94
2023-02-12,5.6,3.3,8.3,0.5,0,50,10.8,,1017.1,,46.94
2023-02-13,7.8,5,14.4,0,0,313,18.7,,1002.8,,57.92
2023-02-14,9.2,5.6,12.8,0,0,283,19.1,,1016.3,,55.04
2023-02-15,10.6,7.8,17.8,0,0,188,20.5,,1016.5,,64.04
2023-02-16,16.3,12.2,20.6,1.3,0,211,11.9,,1014.1,,69.08
2023-02-17,12.4,0,16.1,4.6,0,270,25.2,,1005.3,,60.98
2023-02-18,1.5,-2.1,6.1,0,0,274,22,,1025.2,,42.98
2023-02-19,5.3,2.8,8.9,0,0,186,15.5,,1023.3,,48.02
2023-02-20,10,5.6,16.7,0,0,245,14.4,,1006.3,,62.06
2023-02-21,6.7,2.8,7.8,6.6,0,32,14.8,,1004.9,,46.04
2023-02-22,5.4,3.3,6.7,4.8,0,4,14.4,,1018.1,,44.06
2023-02-23,3.7,3.3,6.7,0.8,0,71,16.9,,1013,,44.06
2023-02-24,5.7,-2.7,7.8,0,0,326,29.9,,1023.1,,46.04
2023-02-25,-2.5,-4.9,0.6,0,0,69,11.9,,1028.5,,33.08
2023-02-26,1.8,-2.1,10.6,0,0,221,13,,1012.6,,51.08
2023-02-27,4.1,0.6,6.1,7.9,0,59,19.1,,1012.9,,42.98
2023-02-28,1.7,0.6,3.9,7.1,50,14,18.7,,1008.3,,39.02
2023-03-01,3.9,0.6,6.7,0.3,0,77,14,,1018.4,,44.06
2023-03-02,6.3,3.9,11.7,0,0,345,19.8,,1006.7,,53.06
2023-03-03,5.3,3.3,7.8,3.8,0,56,19.1,,1014.9,,46.04
2023-03-04,5.5,3.3,7.8,28.7,0,353,25.2,,1002.7,,46.04
2023-03-05,6.4,3.9,11.7,0,0,312,24.8,,1019.4,,53.06
2023-03-06,7.8,4.4,11.7,0,0,314,22.3,,1017.7,,53.06
2023-03-07,5.6,0.6,8.3,1.3,0,325,29.9,,1010.6,,46.94
2023-03-08,3.2,0,8.3,0,0,341,27.4,,1020.1,,46.94
2023-03-09,4.9,1.1,10,0,0,341,22.7,,1021.3,,50
2023-03-10,4.6,1.7,7.8,8.6,0,49,13.7,,1014.2,,46.04
2023-03-11,4.9,2.2,6.7,7.9,0,10,24.5,,1008.2,,44.06
2023-03-12,4.5,1.1,7.8,0,0,46,14.4,,1016.2,,46.04
2023-03-13,5.4,3.9,7.8,18.3,0,62,20.5,,1011.8,,46.04
2023-03-14,3.3,1.7,4.4,2.5,0,295,35.6,,1000.5,,39.92
2023-03-15,3.4,1.7,7.2,0,0,310,41.4,,1008.9,,44.96
2023-03-16,6.3,2.2,15,0,0,280,15.5,,1015.7,,59
2023-03-17,10.9,7.2,15,0,0,194,12.2,,1006.3,,59
2023-03-18,10.4,5,13.3,0.3,0,291,23.4,,1005.6,,55.94
2023-03-19,3.1,-0.5,5,0,0,288,26.6,,1016,,41
2023-03-20,4.2,1.1,10,0,0,239,15.5,,1024.4,,50
2023-03-21,9.9,4.4,16.7,0,0,228,14.8,,1026.9,,62.06
2023-03-22,11.6,8.9,15,0,0,190,17.3,,1026.1,,59
2023-03-23,11.1,8.3,16.1,1.8,0,211,15.5,,1013,,60.98
2023-03-24,10.7,6.7,14.4,0,0,339,14,,1014,,57.92
2023-03-25,7.3,5.6,7.8,4.3,0,70,23,,1013.6,,46.04
2023-03-26,10.1,5.6,17.2,0,0,282,18.4,,1011.2,,62.96
2023-03-27,11,6.1,14.4,5.1,0,36,15.8,,1015.8,,57.92
2023-03-28,7.7,5.6,11.1,0,0,6,12.6,,1017.8,,51.98
2023-03-29,8.2,4.4,12.8,0.3,0,13,15.5,,1019.3,,55.04
2023-03-30,4.4,0,7.8,0.5,0,310,24.8,,1024.4,,46.04
2023-03-31,7.1,3.3,13.3,0,0,164,13.3,,1022.4,,55.94
2023-04-01,14.6,10.6,21.7,9.1,0,201,20.5,,1000,,71.06
2023-04-02,9.4,5,11.1,0,0,315,28.8,,1011.5,,51.98
2023-04-03,8.2,3.3,13.9,0,0,147,17.3,,1018.9,,57.02
2023-04-04,13.4,7.8,22.2,0,0,126,11.9,,1016.7,,71.96
2023-04-05,10.9,7.2,12.2,0.3,0,51,20.9,,1022.7,,53.96
2023-04-06,12.4,7.2,25.6,0,0,30,13.3,,1019.7,,78.08
2023-04-07,13.3,6.7,15,0,0,319,24.5,,1026,,59
2023-04-08,7.4,3.9,11.1,0,0,358,14.4,,1031.4,,51.98
2023-04-09,8.1,5.6,12.2,0,0,68,15.8,,1032.1,,53.96
2023-04-10,10.5,6.1,18.3,0,0,207,13.3,,1029.4,,64.94
2023-04-11,16.1,10.6,23.9,0,0,230,16.2,,1018.9,,75.02
2023-04-12,21.9,18.9,28.3,0,0,283,19.1,,1010,,82.94
2023-04-13,25.3,16.7,31.7,0,0,264,15.1,,1010.2,,89.06
2023-04-14,26.2,19.4,31.7,0,0,203,12.2,,1010.6,,89.06
2023-04-15,19.7,12.2,22.8,0,0,89,14,,1011.9,,73.04
2023-04-16,14.9,11.7,20,0,0,51,12.2,,1009.5,,68
2023-04-17,13.3,10.6,20,0.3,0,21,19.4,,1002.9,,68
2023-04-18,12.9,8.3,13.9,0,0,270,26.3,,1007.8,,57.02
2023-04-19,11,7.8,18.3,0,0,286,18.4,,1017,,64.94
2023-04-20,11.5,7.2,17.2,0,0,97,13.3,,1022,,62.96
2023-04-21,13.8,10.6,21.1,0,0,68,18,,1018.2,,69.98
2023-04-22,12.8,10,20,12.2,0,51,23.8,,1013.8,,68
2023-04-23,14.3,10.6,19.4,37.1,0,9,14.4,,1010.7,,66.92
2023-04-24,12.2,7.8,16.7,0,0,297,13.7,,1016.8,,62.06
2023-04-25,12,8.3,14.4,0,0,360,9.4,,1020.7,,57.92
2023-04-26,11.7,8.3,14.4,0,0,105,14,,1022.9,,57.92
2023-04-27,11.7,10,14.4,0,0,138,11.9,,1022.6,,57.92
2023-04-28,11.3,8.9,13.9,8.9,0,78,19.8,,1020.7,,57.02
2023-04-29,10.4,8.9,11.7,63.2,0,65,25.2,,1012.4,,53.06
2023-04-30,11.5,10,16.7,78.5,0,59,19.4,,999.1,,62.06
2023-05-01,14.6,10,17.2,0.8,0,236,25.2,,991.9,,62.96
2023-05-02,11.8,7.2,13.9,1.3,0,232,18,,995.8,,57.02
2023-05-03,11.2,8.9,13.9,0,0,270,13,,999,,57.02
2023-05-04,10.8,9.4,13.3,0.3,0,32,14,,1010.7,,55.94
2023-05-05,12.8,9.4,17.2,0,0,62,10.1,,1021.7,,62.96
2023-05-06,15.6,11.1,22.8,0,0,303,9.7,,1022.3,,73.04
2023-05-07,18.6,13.3,25,0,0,281,13.7,,1014.6,,77
2023-05-08,19.6,15,25,0,0,332,18.4,,1008.3,,77
2023-05-09,17.1,12.8,20,0,0,82,13.3,,1014.4,,68
2023-05-10,15.8,11.1,22.8,0,0,201,10.1,,1019.8,,73.04
2023-05-11,20.5,15,27.8,0,0,271,12.6,,1018.4,,82.04
2023-05-12,24.8,18.3,30.6,0,0,270,11.2,,1016.8,,87.08
2023-05-13,25.3,19.4,27.8,0,0,303,12.2,,1015.6,,82.04
2023-05-14,19.8,15.6,22.8,0,0,14,15.1,,1021.2,,73.04
2023-05-15,18.3,13.3,24.4,0,0,283,15.5,,1021,,75.92
2023-05-16,21.8,16.1,27.2,0,0,243,17.6,,1006.2,,80.96
2023-05-17,18.2,10.6,22.8,0,0,334,23,,1008.2,,73.04
2023-05-18,11.9,7.8,15.6,0,0,103,17.3,,1025.5,,60.08
2023-05-19,15.5,12.2,21.1,0,0,173,20.5,,1026.2,,69.98
2023-05-20,15.5,13.9,19.4,32,0,99,13.3,,1016.8,,66.92
2023-05-21,17.7,13.9,21.1,0,0,316,19.4,,1013.6,,69.98
2023-05-22,18.9,14.4,23.3,0,0,69,13,,1021.3,,73.94
2023-05-23,16,13.3,20,0,0,94,13.7,,1026,,68
2023-05-24,17.1,12.8,25,0.8,0,53,14,,1017.7,,77
2023-05-25,14.9,10.6,19.4,0,0,13,22.3,,1019.9,,66.92
2023-05-26,17.7,12.8,22.8,0,0,15,11.5,,1024.2,,73.04
2023-05-27,19.6,15,25.6,0,0,46,12.6,,1025.3,,78.08
2023-05-28,19.9,16.1,25.6,0,0,189,13.3,,1019.7,,78.08
2023-05-29,20.8,15,25.6,0,0,94,18.7,,1017,,78.08
2023-05-30,16.6,13.3,20.6,0,0,61,17.6,,1022.6,,69.08
2023-05-31,16.7,11.1,24.4,0,0,81,11.2,,1022.1,,75.92
2023-06-01,21.5,16.1,30,0,0,62,8.6,,1018.3,,86
2023-06-02,24.2,18.9,32.2,1.3,0,144,7.9,,1012.4,,89.96
2023-06-03,19.6,12.2,20.6,0,0,57,20.2,,1015.2,,69.08
2023-06-04,15,10.6,21.1,0,0,34,15.8,,1016.3,,69.98
2023-06-05,18.3,13.9,25,0,0,355,15.5,,1011.2,,77
2023-06-06,20.8,17.2,25.6,1,0,323,18.4,,1004.5,,78.08
2023-06-07,18.3,15,21.1,0,0,308,20.9,,1003.4,,69.98
2023-06-08,17.9,14.4,22.2,0,0,344,10.8,,1005.6,,71.96
2023-06-09,18.8,15,23.3,0,0,325,11.5,,1006.6,,73.94
2023-06-10,19.7,15.6,25.6,0,0,311,17.3,,1008.2,,78.08
2023-06-11,22.7,18.3,28.3,0.5,0,126,12.2,,1010.6,,82.94
2023-06-12,22.3,20,27.2,3.6,0,151,20.2,,1006.8,,80.96
2023-06-13,21.7,18.3,27.2,0,0,288,18.4,,1004.2,,80.96
2023-06-14,21.7,18.3,24.4,9.9,0,205,18.4,,1000.9,,75.92
2023-06-15,20.7,17.2,26.1,0,0,292,18.7,,1003,,78.98
2023-06-16,22.2,17.8,27.8,4.1,0,65,10.8,,1005.8,,82.04
2023-06-17,20.2,17.2,25.6,0,0,321,20.5,,1004.6,,78.08
2023-06-18,21.8,18.3,26.7,0,0,318,17.3,,1010.1,,80.06
2023-06-19,22.3,18.9,26.1,0,0,62,15.5,,1017.1,,78.98
2023-06-20,20.2,17.2,24.4,0,0,64,17.6,,1022.1,,75.92
2023-06-21,19,16.7,22.2,0,0,58,25.6,,1024.2,,71.96
2023-06-22,18.5,15.6,21.7,0.3,0,56,22.7,,1020.9,,71.06
2023-06-23,19.7,18.3,23.3,2,0,111,11.5,,1016.5,,73.94
2023-06-24,22.4,20,26.7,0.8,0,168,11.9,,1010.6,,80.06
2023-06-25,23.4,20,28.3,0.5,0,134,13,,1009.3,,82.94
2023-06-26,23.2,20.6,28.3,1.8,0,80,13.7,,1007.4,,82.94
2023-06-27,22.8,20,27.2,0.5,0,144,12.2,,1005.5,,80.96
2023-06-28,23.6,20.6,28.9,0,0,299,12.2,,1008.9,,84.02
2023-06-29,23.6,19.4,28.3,0,0,352,12.6,,1015.4,,82.94
2023-06-30,24.4,20.6,30,0,0,131,12.2,,1017.1,,86
2023-07-01,24.5,21.7,28.3,0,0,190,16.2,,1016.5,,82.94
2023-07-02,25.2,22.2,32.8,15.2,0,181,15.8,,1010.9,,91.04
2023-07-03,27,23.3,32.8,9.4,0,247,13.3,,1009.6,,91.04
2023-07-04,25.9,22.8,28.3,7.1,0,25,6.8,,1011.9,,82.94
2023-07-05,26.8,21.7,34.4,0,0,61,10.1,,1014.4,,93.92
2023-07-06,28.8,24.4,32.2,0,0,162,13.3,,1013.3,,89.96
2023-07-07,26.7,24.4,30.6,0,0,150,11.9,,1010.9,,87.08
2023-07-08,26.4,23.9,30.6,0,0,129,13,,1010.5,,87.08
2023-07-09,26.2,21.7,28.3,29.7,0,149,14.8,,1009.4,,82.94
2023-07-10,25.1,22.8,30.6,0,0,333,14.8,,1007.7,,87.08
2023-07-11,26.9,22.2,32.2,0,0,291,12.6,,1011.3,,89.96
2023-07-12,29.6,26.1,33.9,0,0,259,9.7,,1012.6,,93.02
2023-07-13,28.9,26.1,31.7,0,0,185,19.8,,1010.6,,89.06
2023-07-14,26.1,22.2,28.9,6.1,0,72,13.7,,1011.7,,84.02
2023-07-15,26.2,22.8,31.7,0.3,0,73,13.7,,1013.1,,89.06
2023-07-16,26.1,23.3,27.2,35.3,0,194,13.3,,1009.4,,80.96
2023-07-17,27.2,23.9,32.2,0,0,14,11.2,,1012.4,,89.96
2023-07-18,26.7,23.9,30,0.8,0,188,12.6,,1013.7,,86
2023-07-19,25.3,23.3,27.8,5.8,0,207,9,,1015.8,,82.04
2023-07-20,25.4,22.2,29.4,0,0,105,12.6,,1014.4,,84.92
2023-07-21,26.3,23.9,30.6,7.1,0,238,15.5,,1007.6,,87.08
2023-07-22,25.5,21.7,28.9,0,0,332,13,,1008.6,,84.02
2023-07-23,26.2,22.2,31.1,0,0,67,11.9,,1014,,87.98
2023-07-24,27.1,24.4,30.6,0,0,200,15.8,,1018.4,,87.08
2023-07-25,25.8,21.1,31.1,8.4,0,245,10.4,,1017.9,,87.98
2023-07-26,25.3,21.7,31.7,0,0,295,12.2,,1018,,89.06
2023-07-27,29,24.4,35,10.4,0,223,19.8,,1013.7,,95
2023-07-28,28.9,25.6,34.4,0,0,284,10.8,,1014.3,,93.92
2023-07-29,29.6,21.7,32.8,1.3,0,241,19.8,,1008.3,,91.04
2023-07-30,23.2,19.4,26.7,0,0,329,17.3,,1012.7,,80.06
2023-07-31,24.7,20.6,29.4,0,0,322,12.2,,1014.5,,84.92
2023-08-01,23.6,20,26.7,0,0,8,12.6,,1019.4,,80.06
2023-08-02,22.5,18.9,26.1,0,0,65,13,,1022.3,,78.98
2023-08-03,23.3,20.6,26.7,0,0,187,19.8,,1019,,80.06
2023-08-04,23.4,22.2,25.6,0,0,203,17.3,,1014.2,,78.08
2023-08-05,24.9,21.1,29.4,0,0,10,9.7,,1014.1,,84.92
2023-08-06,25.7,21.7,30,0,0,99,14.4,,1015.5,,86
2023-08-07,24.6,20.6,27.8,27.2,0,177,21.2,,1010.9,,82.04
2023-08-08,24.3,21.7,27.8,0,0,255,22.3,,1004,,82.04
2023-08-09,25.3,21.7,31.1,0,0,290,23,,1006.5,,87.98
2023-08-10,24.9,21.7,27.8,12.4,0,265,9,,1005.2,,82.04
2023-08-11,24.3,21.1,30.6,0,0,296,14,,1007.6,,87.08
2023-08-12,25.2,21.1,30.6,2.3,0,121,13.7,,1011.5,,87.08
2023-08-13,25.9,21.7,31.1,18.8,0,294,14,,1011.3,,87.98
2023-08-14,27.1,23.9,31.1,0,0,233,10.8,,1013.6,,87.98
2023-08-15,23.9,21.1,25.6,39.1,0,43,16.6,,1008.4,,78.08
2023-08-16,23.5,21.1,26.7,20.3,0,72,14.8,,1012.6,,80.06
2023-08-17,23.9,22.2,26.7,0,0,104,15.5,,1013.3,,80.06
2023-08-18,24.8,20.6,28.3,39.9,0,255,20.5,,1007.3,,82.94
2023-08-19,22.6,18.3,27.2,0,0,279,18.4,,1014.5,,80.96
2023-08-20,25.3,20.6,30.6,0,0,267,11.2,,1018.3,,87.08
2023-08-21,27.4,23.9,30.6,0,0,297,13.3,,1016.7,,87.08
2023-08-22,24.2,20,26.7,0,0,10,18.4,,1017.9,,80.06
2023-08-23,22.3,19.4,26.1,0,0,73,16.2,,1019.6,,78.98
2023-08-24,22.3,20,23.3,1,0,171,15.1,,1017.3,,73.94
2023-08-25,23,21.7,26.1,8.4,0,178,13.7,,1011.5,,78.98
2023-08-26,25.2,22.8,29.4,25.7,0,21,8.6,,1009.9,,84.92
2023-08-27,24.8,21.1,28.3,0,0,36,11.2,,1012.9,,82.94
2023-08-28,23.3,21.1,25,0,0,115,13.3,,1016.8,,77
2023-08-29,22.4,20,25.6,0,0,74,13.3,,1013.5,,78.08
2023-08-30,24.8,21.1,29.4,5.3,0,260,18.4,,1006.4,,84.92
2023-08-31,21.9,18.3,25,0,0,3,18.7,,1013.6,,77
2023-09-01,20.5,16.7,24.4,0,0,59,16.2,,1024.1,,75.92
2023-09-02,21.3,18.3,26.1,0,0,200,13.7,,1021.2,,78.98
2023-09-03,25.2,21.1,32.2,0,0,277,12.2,,1013.4,,89.96
2023-09-04,27.6,24.4,31.7,0,0,339,7.2,,1011.1,,89.06
2023-09-05,28.5,25,32.2,0,0,13,7.9,,1012.6,,89.96
2023-09-06,29.4,25.6,33.9,0,0,9,7.6,,1010,,93.02
2023-09-07,30.7,25.6,35.6,0,0,351,10.4,,1009,,96.08
2023-09-08,26.6,23.3,32.2,1.8,0,80,10.1,,1013.4,,89.96
2023-09-09,25.8,23.9,31.1,0,0,99,10.4,,1017.8,,87.98
2023-09-10,24.3,21.1,26.7,53.3,0,68,10.1,,1018.4,,80.06
2023-09-11,23.8,22.2,27.8,46.2,0,40,12.2,,1015.4,,82.04
2023-09-12,23.4,20.6,28.3,0,0,39,11.2,,1015,,82.94
2023-09-13,24.7,22.8,27.2,3,0,229,12.2,,1012.7,,80.96
2023-09-14,22.8,17.2,26.1,0,0,351,18.4,,1016.6,,78.98
2023-09-15,18.1,14.4,20.6,0,0,359,21.6,,1016.9,,69.08
2023-09-16,20,16.7,25,0,0,309,20.5,,1012.3,,77
2023-09-17,21.1,16.7,26.1,2,0,293,10.4,,1013.2,,78.98
2023-09-18,20,17.8,21.7,33,0,24,14.4,,1008.2,,71.06
2023-09-19,19.4,16.1,24.4,0,0,297,22.3,,1013.4,,75.92
2023-09-20,20.2,16.1,24.4,0,0,301,13.7,,1020.3,,75.92
2023-09-21,19.6,15.6,22.8,0,0,28,10.4,,1024.3,,73.04
2023-09-22,18.8,16.1,22.2,0,0,59,20.9,,1026.8,,71.96
2023-09-23,16.7,15,17.2,22.9,0,53,38.2,,1020.1,,62.96
2023-09-24,17.6,16.7,18.9,18.3,0,60,33.5,,1015.4,,66.02
2023-09-25,16.8,15,17.8,10.9,0,47,34.6,,1017.8,,64.04
2023-09-26,16,13.3,17.8,6.6,0,44,23,,1026.2,,64.04
2023-09-27,15.6,11.7,18.9,0,0,49,19.1,,1026.6,,66.02
2023-09-28,15.9,13.3,19.4,19.6,0,52,20.2,,1024.6,,66.92
2023-09-29,16.3,15,17.2,104.1,0,45,27.4,,1021,,62.96
2023-09-30,16.1,13.9,18.9,2.3,0,0,13.7,,1021.1,,66.02
2023-10-01,19.6,16.1,25,0,0,356,10.8,,1021.2,,77
2023-10-02,21.7,18.3,26.1,0,0,41,10.8,,1021.7,,78.98
2023-10-03,21.4,17.2,28.3,0,0,235,5.8,,1021,,82.94
2023-10-04,22.9,18.9,28.9,0,0,81,9.4,,1021.8,,84.02
2023-10-05,21.2,17.2,25.6,0,0,158,11.2,,1022.6,,78.08
2023-10-06,20.2,19.4,21.7,3.3,0,71,12.6,,1016.2,,71.06
2023-10-07,19.4,12.8,21.1,20.3,0,54,19.4,,1006,,69.98
2023-10-08,13.9,11.1,16.7,0,0,261,25.6,,1004.3,,62.06
2023-10-09,13.4,10,16.7,0,0,231,16.9,,1008.2,,62.06
2023-10-10,15.1,12.2,18.3,0.3,0,208,10.4,,1009.5,,64.94
2023-10-11,17.3,13.9,21.7,0,0,206,10.4,,1010.8,,71.06
2023-10-12,17.5,13.3,21.7,0,0,348,6.5,,1011.7,,71.06
2023-10-13,15.6,12.2,18.3,0,0,340,14.4,,1014.2,,64.94
2023-10-14,13.2,10,15,18,0,23,13,,1008.8,,59
2023-10-15,12.8,10.6,16.1,0.3,0,336,25.6,,999.7,,60.98
2023-10-16,13.2,10,18.3,0,0,322,16.9,,1003.3,,64.94
2023-10-17,14.6,11.7,17.8,0,0,352,11.2,,1012.6,,64.04
2023-10-18,15.1,13.3,17.2,0,0,69,7.9,,1020,,62.96
2023-10-19,15.1,11.1,18.9,0,0,196,12.6,,1019.4,,66.02
2023-10-20,16.7,15.6,18.3,23.9,0,143,15.5,,1006.5,,64.94
2023-10-21,16.4,14.4,18.3,15.2,0,311,22.3,,992.9,,64.94
2023-10-22,13.6,9.4,14.4,0,0,283,27.4,,1003.9,,57.92
2023-10-23,11.8,8.9,16.7,0,0,329,18,,1019.4,,62.06
2023-10-24,13.7,10,18.9,0,0,133,11.5,,1027.1,,66.02
2023-10-25,16.6,11.7,23.3,0,0,211,14.4,,1024.9,,73.94
2023-10-26,20.3,15,26.7,0,0,222,7.6,,1022.5,,80.06
2023-10-27,20.6,17.2,24.4,0,0,225,9,,1018.7,,75.92
2023-10-28,22.7,17.8,27.8,0,0,268,15.1,,1015.8,,82.04
2023-10-29,15.2,11.1,17.8,10.7,0,38,17.6,,1018.5,,64.04
2023-10-30,13.1,10.6,15.6,14.2,0,1,16.2,,1009.9,,60.08
2023-10-31,10.1,7.8,11.1,0,0,40,14,,1017.4,,51.98
2023-11-01,8.4,5,10,0,0,338,21.6,,1017.7,,50
2023-11-02,6.4,3.3,10,0,0,278,13.7,,1030.6,,50
2023-11-03,9.1,5.6,13.3,0,0,194,14.8,,1030.3,,55.94
2023-11-04,11.9,8.9,16.7,0,0,207,9.7,,1022.6,,62.06
2023-11-05,14.3,10,18.3,0,0,350,7.9,,1017.1,,64.94
2023-11-06,10.6,7.2,13.3,0,0,75,13.7,,1019.2,,55.94
2023-11-07,14.7,12.8,18.9,1.3,0,242,18.4,,1008.9,,66.02
2023-11-08,10.6,6.7,12.8,0,0,346,18.4,,1017.5,,55.04
2023-11-09,9.8,6.1,14.4,0,0,37,8.6,,1012.8,,57.92
2023-11-10,11.6,8.3,12.2,0,0,269,15.1,,1019,,53.96
2023-11-11,9.9,6.1,12.8,0,0,322,18.7,,1026.3,,55.04
2023-11-12,5.8,2.8,7.8,0,0,14,13,,1031.4,,46.04
2023-11-13,5.7,2.8,10,0,0,149,10.4,,1025.4,,50
2023-11-14,9.4,6.7,12.2,0,0,317,21.2,,1024.9,,53.96
2023-11-15,8.2,5.6,11.7,0,0,263,10.8,,1028.5,,53.06
2023-11-16,12.1,7.8,18.9,0,0,215,10.8,,1023.1,,66.02
2023-11-17,14.1,9.4,18.9,0,0,186,14.4,,1015.5,,66.02
2023-11-18,13.4,6.1,16.1,0,0,325,19.8,,1007.6,,60.98
2023-11-19,8.8,5,13.3,0,0,277,17.3,,1013.7,,55.94
2023-11-20,6.5,3.9,7.8,0,0,4,17.6,,1027.8,,46.04
2023-11-21,4.9,1.7,8.9,15.5,0,88,23.8,,1029.1,,48.02
2023-11-22,10.4,8.9,12.2,45.2,0,350,18.4,,1006.1,,53.96
2023-11-23,9.8,7.2,11.7,0,0,308,22,,1010.9,,53.06
2023-11-24,9.1,1.1,10.6,0,0,321,22.3,,1020.6,,51.08
2023-11-25,2.3,0,5,0,0,28,10.1,,1028.8,,41
2023-11-26,5.2,2.2,12.8,7.6,0,93,16.6,,1019.1,,55.04
2023-11-27,9.9,3.3,13.3,0.8,0,274,23,,1006.5,,55.94
2023-11-28,3.2,0.6,4.4,0,0,280,29.9,,1011.7,,39.92
2023-11-29,0.7,-2.1,3.3,0,0,248,18.7,,1018.8,,37.94
2023-11-30,5.1,2.2,11.1,0,0,227,16.2,,1020,,51.98
2023-12-01,7.7,5,9.4,11.7,0,192,11.2,,1019.9,,48.92
2023-12-02,9.9,8.3,15,0,0,216,10.1,,1016,,59
2023-12-03,9.7,8.3,11.1,16,0,57,17.6,,1009.1,,51.98
2023-12-04,9.5,6.7,11.7,0,0,263,22,,1008.2,,53.06
2023-12-05,6.1,3.9,6.7,0,0,328,16.2,,1015.8,,44.06
2023-12-06,3.9,1.7,5,0,0,351,19.8,,1015.6,,41
2023-12-07,2.1,0.6,4.4,0,0,270,15.5,,1016.8,,39.92
2023-12-08,6.3,2.8,10,0,0,220,9.4,,1021.3,,50
2023-12-09,8.7,5,13.9,0,0,87,7.6,,1021.8,,57.02
2023-12-10,11.6,7.8,15.6,34.3,0,175,15.5,,1011.3,,60.08
2023-12-11,8.3,3.9,9.4,12.7,0,312,32,,1010.1,,48.92
2023-12-12,4.8,2.8,7.2,0,0,254,18.4,,1027.7,,44.96
2023-12-13,6.2,2.8,8.3,0,0,283,19.8,,1031.3,,46.94
2023-12-14,3.3,1.1,5.6,0,0,289,16.9,,1035.9,,42.08
2023-12-15,7.2,3.3,15,0,0,259,15.8,,1027.7,,59
2023-12-16,10.3,6.7,11.7,0,0,29,13.3,,1031.2,,53.06
2023-12-17,9.2,7.8,15,5.8,0,57,20.2,,1021.3,,59
2023-12-18,13.4,6.1,17.2,54.1,0,212,34.9,,992.2,,62.96
2023-12-19,5.6,0.6,6.7,0,0,291,25.2,,1015,,44.06
2023-12-20,2.3,0,7.2,0,0,325,18.4,,1027.5,,44.96
2023-12-21,3.6,-1,5.6,0,0,358,19.4,,1029.7,,42.08
2023-12-22,-0.1,-3.2,3.9,0,0,23,9,,1031.6,,39.02
2023-12-23,2.6,0,5.6,0,0,62,9.4,,1031.7,,42.08
2023-12-24,6.1,4.4,8.9,0.3,0,43,7.2,,1029.5,,48.02
2023-12-25,6.8,5.6,8.9,0,0,45,8.3,,1029.9,,48.02
2023-12-26,7.1,5.6,9.4,0,0,73,7.2,,1025.7,,48.92
2023-12-27,6.7,6.1,8.9,5.3,0,50,15.1,,1017.9,,48.02
2023-12-28,9.5,8.3,11.1,30,0,56,20.2,,1005.5,,51.98
2023-12-29,9.8,7.8,13.3,0.3,,310,14.8,,1004.3,,55.94
2023-12-30,7.2,4.4,8.3,0,0,278,19.8,,1004.2,,46.94
2023-12-31,5.4,4.4,6.7,0,0,299,18.7,,1014.1,,44.06
2024-01-01,6.1,2.2,8.3,0.3,0,316,10.8,,1016.5,,46.94
2024-01-02,2.6,-1,6.1,0,0,327,15.1,,1017.8,,42.98
2024-01-03,4.1,1.7,6.1,0,0,309,14.8,,1016.2,,42.98
2024-01-04,4.8,-1.6,7.2,0,0,303,24.1,,1016,,44.96
2024-01-05,0.1,-2.7,3.3,0,0,290,19.1,,1024.3,,37.94
2024-01-06,1.6,0,3.3,8.6,0,66,19.4,,1017.4,,37.94
2024-01-07,2.7,1.7,3.9,4.3,0,356,25.6,,1005.4,,39.02
2024-01-08,4.1,2.8,7.2,0,0,327,17.6,,1026.3,,44.96
2024-01-09,4.9,0.6,13.9,49.5,0,113,24.5,,1016.9,,57.02
2024-01-10,10.9,7.2,13.3,8.1,0,245,29.5,,992.8,,55.94
2024-01-11,7,5.6,7.8,0,0,247,20.5,,1010.6,,46.04
2024-01-12,7.2,5.6,10,1.5,0,79,19.4,,1017.8,,50
2024-01-13,10.3,2.2,15.6,26.2,0,221,32.8,,995.7,,60.08
2024-01-14,2.9,-2.7,7.2,0,0,250,31.3,,1012.6,,44.96
2024-01-15,-2.5,-4.3,-1,1,0,257,13.3,,1023.2,,30.2
2024-01-16,-2.2,-4.9,0,8.4,50,356,21.2,,1011.4,,32
2024-01-17,-4.9,-7.1,-3.8,0,30,272,25.9,,1015.6,,25.16
2024-01-18,-2.9,-4.9,1.1,0,30,242,15.8,,1020.1,,33.98
2024-01-19,-0.6,-2.7,0.6,0.8,0,17,18,,1010.7,,33.08
2024-01-20,-4.7,-7.1,-2.7,0,30,309,32.8,,1015,,27.14
2024-01-21,-4.3,-6,0,0,30,310,31,,1026.7,,32
2024-01-22,-1.2,-3.2,3.3,0,0,264,17.6,,1033,,37.94
2024-01-23,2.9,1.7,5,0.8,0,291,10.8,,1032.1,,41
2024-01-24,3.7,2.8,6.7,1.8,0,65,9.7,,1030.7,,44.06
2024-01-25,9.7,5,13.9,5.6,0,14,10.4,,1020.5,,57.02
2024-01-26,6.2,4.4,7.2,5.3,0,54,15.5,,1018,,44.96
2024-01-27,6.1,5,8.3,0,0,62,8.6,,1021.9,,46.94
2024-01-28,4.8,3.3,6.1,23.6,0,45,21.2,,1009.7,,42.98
2024-01-29,3.1,2.2,3.9,1.8,0,356,19.4,,1010.9,,39.02
2024-01-30,2.5,1.7,3.9,0,0,81,14.4,,1022.1,,39.02
2024-01-31,2.4,0.6,4.4,0,0,118,10.4,,1019.9,,39.92
2024-02-01,4.8,2.8,8.3,0,0,224,12.2,,1015.2,,46.94
2024-02-02,6.2,3.3,7.8,5.8,0,339,14.4,,1012,,46.04
2024-02-03,3.1,0.6,5.6,0,0,1,19.8,,1017.1,,42.08
2024-02-04,3,-0.5,7.2,0,0,6,12.2,,1015.3,,44.96
2024-02-05,3.3,0,6.7,0,0,356,19.8,,1014.2,,44.06
2024-02-06,1.7,-1.6,6.1,0,0,24,14.8,,1021.6,,42.98
2024-02-07,3.8,0,9.4,0,0,24,8.3,,1025.4,,48.92
2024-02-08,5.8,1.7,11.1,0,0,90,10.4,,1025.4,,51.98
2024-02-09,7.3,5.6,10.6,0,0,176,13.7,,1018.8,,51.08
2024-02-10,8.8,3.9,15.6,0,0,187,9,,1010.6,,60.08
2024-02-11,9.4,6.1,13.3,0,0,323,15.8,,1012.5,,55.94
2024-02-12,5.7,3.3,8.3,0,0,20,11.9,,1011.8,,46.94
2024-02-13,2.9,0.6,5,16.3,30,347,23.4,,1003.3,,41
2024-02-14,1.8,-1,3.9,0,30,303,34.6,,1016,,39.02
2024-02-15,0.2,-2.1,3.3,0,0,279,17.3,,1017.5,,37.94
2024-02-16,3.9,2.2,6.1,0,0,312,25.9,,1011.1,,42.98
2024-02-17,1.1,-2.1,2.8,5.8,80,353,17.3,,1009.4,,37.04
2024-02-18,-0.1,-2.7,5,0,30,236,22.7,,1011.5,,41
2024-02-19,3.2,0,5,0,0,315,19.4,,1020.9,,41
2024-02-20,0.3,-3.2,3.3,0,0,56,13.7,,1031.7,,37.94
2024-02-21,1.1,-1,4.4,0,0,82,13.3,,1029.9,,39.92
2024-02-22,3.2,1.7,6.1,1,0,175,15.1,,1015.3,,42.98
2024-02-23,5.8,4.4,7.8,1.3,0,359,10.1,,999.2,,46.04
2024-02-24,5.8,-1.6,6.7,0,0,330,20.2,,1005.7,,44.06
2024-02-25,-0.6,-4.3,4.4,0,0,13,13.3,,1019.7,,39.92
2024-02-26,4.7,1.7,11.7,0.3,0,197,12.6,,1017.2,,53.06
2024-02-27,6.4,2.8,12.2,14,0,88,16.9,,1015,,53.96
2024-02-28,10.4,6.7,15.6,3.3,0,181,21.2,,1004.9,,60.08
2024-02-29,4.6,0,6.1,0,0,303,29.9,,1023.5,,42.98
2024-03-01,2.6,-0.5,6.7,0,0,232,16.9,,1035.1,,44.06
2024-03-02,6.1,5,12.8,35.6,0,81,15.5,,1025.2,,55.04
2024-03-03,11.8,7.8,20,0,0,346,11.2,,1021.1,,68
2024-03-04,11,7.2,15,0,0,74,15.5,,1027.7,,59
2024-03-05,6.7,5,9.4,11.9,0,54,18.4,,1020.6,,48.92
2024-03-06,8.9,6.7,10.6,40.9,0,67,14.4,,1014.9,,51.08
2024-03-07,9.3,6.7,12.2,2.5,0,355,23.4,,1011.9,,53.96
2024-03-08,7.9,4.4,12.8,0,0,65,15.8,,1024.8,,55.04
2024-03-09,6.1,5,8.3,42.7,0,114,24.5,,1016.9,,46.94
2024-03-10,7.6,2.8,10,0.5,0,292,31.7,,996.3,,50
2024-03-11,5.6,1.7,10.6,0,0,301,41,,1004,,51.08
2024-03-12,10.9,7.2,18.3,0,0,292,21.6,,1009.4,,64.94
2024-03-13,12.2,6.7,15.6,0,0,108,9.4,,1012.7,,60.08
2024-03-14,11.9,6.1,22.2,0,0,79,11.2,,1015.4,,71.96
2024-03-15,15.2,10,22.2,0,0,300,18.4,,1006.9,,71.96
2024-03-16,11.3,8.3,15,0,0,272,15.5,,1008.9,,59
2024-03-17,12.6,8.3,16.1,0,0,267,20.5,,1002.2,,60.98
2024-03-18,8.7,3.3,10,0,0,308,23.8,,1005.8,,50
2024-03-19,4.8,2.2,8.3,0,0,289,23.8,,1007.1,,46.94
2024-03-20,7.5,1.7,12.8,0.8,0,233,21.6,,1004.9,,55.04
2024-03-21,2.4,-0.5,5.6,0,0,299,29.9,,1018.8,,42.08
2024-03-22,1.7,-1.6,6.1,0,0,52,15.5,,1027.3,,42.98
2024-03-23,5.7,2.2,9.4,88.1,0,29,25.9,,1011.7,,48.92
2024-03-24,3.4,0,7.2,0,0,0,23.4,,1023.4,,44.96
2024-03-25,5.1,1.7,10,0,0,39,19.4,,1029.9,,50
2024-03-26,6.8,3.9,10.6,0,0,55,14.8,,1022.9,,51.08
2024-03-27,7.2,4.4,11.1,1,0,46,7.9,,1018.9,,51.98
2024-03-28,8.9,7.2,9.4,19.3,0,343,13.3,,1013.6,,48.92
2024-03-29,8.2,5.6,12.8,0,0,315,31.7,,1007.1,,55.04
2024-03-30,9.2,5,16.7,0.5,0,291,25.9,,1007.8,,62.06
2024-03-31,11.8,8.9,16.1,0.5,0,296,16.9,,1011,,60.98
2024-04-01,10.2,7.8,11.7,0,0,33,9.4,,1014.3,,53.06
2024-04-02,8.6,6.7,9.4,23.1,0,60,16.2,,1013.3,,48.92
2024-04-03,6.3,5,7.2,44.5,0,63,32.4,,1004.5,,44.96
2024-04-04,5.8,2.8,8.9,4.3,0,359,21.2,,995.5,,48.02
2024-04-05,6.6,3.9,10,0,0,306,24.8,,1003.3,,50
2024-04-06,7.8,5,11.7,0,0,333,24.5,,1009,,53.06
2024-04-07,9.3,6.1,13.9,0,0,6,17.3,,1017.2,,57.02
2024-04-08,11.7,7.2,18.3,0,0,291,9,,1020.1,,64.94
2024-04-09,16.2,10,23.9,0,0,45,7.9,,1016.5,,75.02
2024-04-10,12.6,6.1,15,0,0,58,17.3,,1016.8,,59
2024-04-11,10.7,8.9,16.1,6.9,0,81,20.5,,1013,,60.98
2024-04-12,15.2,12.2,17.2,7.4,0,195,29.5,,997.2,,62.96
2024-04-13,11.9,8.9,13.9,0,0,265,33.1,,1003.7,,57.02
2024-04-14,13.7,9.4,20,1.5,0,220,19.4,,1009.6,,68
2024-04-15,19.4,13.9,26.7,0,0,301,14.8,,1008.9,,80.06
2024-04-16,16.2,12.2,23.3,0,0,321,15.5,,1019,,73.94
2024-04-17,12.5,8.9,15,1,0,56,17.6,,1020.1,,59
2024-04-18,8.5,7.2,9.4,0.8,0,52,27,,1018.6,,48.92
2024-04-19,9.4,7.2,13.9,0,0,86,13.3,,1019.9,,57.02
2024-04-20,12.5,8.3,20,1.8,0,242,15.8,,1013.6,,68
2024-04-21,9.3,6.7,11.1,0,0,308,16.9,,1015.7,,51.98
2024-04-22,10.4,6.7,15.6,0,0,306,15.1,,1017.6,,60.08
2024-04-23,11.3,7.2,15.6,0,0,164,16.9,,1019.2,,60.08
2024-04-24,13.2,9.4,20.6,0,0,273,16.9,,1012.2,,69.08
2024-04-25,9.8,5.6,12.2,0,0,73,17.3,,1025.8,,53.96
2024-04-26,9.3,6.1,14.4,0,0,118,13.7,,1031.1,,57.92
2024-04-27,10.4,7.2,14.4,0.3,0,180,16.9,,1031.6,,57.92
2024-04-28,14.3,10.6,24.4,0,0,193,10.4,,1020.7,,75.92
2024-04-29,21.2,15,29.4,0,0,141,14,,1015,,84.92
2024-04-30,14.2,10,16.1,0,0,48,24.8,,1013.3,,60.98
2024-05-01,14.8,10.6,24.4,0,0,126,11.9,,1013.1,,75.92
2024-05-02,15.2,10.6,24.4,0,0,143,14.4,,1014.1,,75.92
2024-05-03,14.6,11.1,16.7,0,0,86,15.1,,1021.2,,62.06
2024-05-04,12.3,10,16.1,0,0,106,15.8,,1025.7,,60.98
2024-05-05,10.6,9.4,11.7,9.4,0,117,15.8,,1023.8,,53.06
2024-05-06,14.9,11.1,23.3,0,0,47,9.4,,1014.8,,73.94
2024-05-07,20.3,15.6,26.7,0,0,25,12.6,,1007.9,,80.06
2024-05-08,21.9,16.7,30,5.3,0,197,18.4,,1001.9,,86
2024-05-09,20.1,13.3,21.1,0,0,0,16.2,,1006.1,,69.98
2024-05-10,12.3,10,13.3,5.3,0,76,18.4,,1008.3,,55.94
2024-05-11,11.8,9.4,16.1,0,0,85,16.9,,1010.6,,60.98
2024-05-12,10.7,9.4,13.3,2.5,0,180,13.7,,1012.9,,55.94
2024-05-13,13,10,18.3,0,0,217,12.2,,1017.2,,64.94
2024-05-14,16.8,12.8,22.8,0.5,0,179,12.2,,1015.3,,73.04
2024-05-15,15.9,14.4,17.8,4.8,0,49,20.9,,1009.6,,64.04
2024-05-16,16.1,15,18.9,4.1,0,24,24.1,,1006.1,,66.02
2024-05-17,17.6,14.4,22.2,0.3,0,53,13.7,,1013.4,,71.96
2024-05-18,17.4,15,20.6,0.5,0,50,10.4,,1014.8,,69.08
2024-05-19,17.9,13.9,22.8,0,0,53,13.3,,1015.3,,73.04
2024-05-20,16.7,13.9,21.7,0,0,105,12.2,,1016.7,,71.06
2024-05-21,19.5,15,27.8,0,0,189,12.6,,1014.9,,82.04
2024-05-22,23.3,20,28.9,0,0,196,17.3,,1013.5,,84.02
2024-05-23,22.9,19.4,27.2,10.4,0,210,11.9,,1010.9,,80.96
2024-05-24,24.9,19.4,30,0,0,295,10.1,,1009.8,,86
2024-05-25,22.6,18.3,26.7,0,0,92,12.2,,1011.2,,80.06
2024-05-26,21.8,17.8,27.8,0,0,146,13,,1012.2,,82.04
2024-05-27,21.1,18.9,25,18.8,0,160,18.4,,1009.6,,77
2024-05-28,22.1,18.3,27.8,0,0,274,18.4,,1006.7,,82.04
2024-05-29,20.7,16.1,25,7.4,0,318,13,,1012.1,,77
2024-05-30,17.8,13.9,21.7,3,0,359,15.1,,1014.1,,71.06
2024-05-31,19.7,16.1,24.4,0,0,336,18.7,,1019.5,,75.92
2024-06-01,22.5,17.8,29.4,0,0,294,13.3,,1019.9,,84.92
2024-06-02,24.8,20.6,28.3,0,0,230,10.8,,1016.4,,82.94
2024-06-03,25.4,21.1,30,0,0,174,10.1,,1012.5,,86
2024-06-04,22.7,17.8,27.2,0,0,98,14.8,,1015.5,,80.96
2024-06-05,21.7,18.9,27.2,0.3,0,169,15.5,,1012.2,,80.96
2024-06-06,23.2,20.6,28.3,15.5,0,168,10.8,,1000.9,,82.94
2024-06-07,24.2,19.4,29.4,0,0,305,13.7,,1002,,84.92
2024-06-08,21.9,18.3,26.1,0,0,277,20.5,,1007.2,,78.98
2024-06-09,22.8,18.3,24.4,0,0,260,18.4,,1002.6,,75.92
2024-06-10,20.7,16.7,24.4,0,0,312,17.6,,1004.4,,75.92
2024-06-11,19.8,16.1,24.4,0,0,21,10.1,,1012.6,,75.92
2024-06-12,20.9,17.2,25.6,0,0,321,10.8,,1016,,78.08
2024-06-13,23.4,17.8,29.4,0,0,181,14.4,,1015.2,,84.92
2024-06-14,24.8,19.4,30.6,6.4,0,177,13.7,,1011.5,,87.08
2024-06-15,22.4,19.4,27.8,0,0,348,16.2,,1014.8,,82.04
2024-06-16,21.3,17.2,24.4,0,0,87,16.2,,1022.8,,75.92
2024-06-17,23.1,18.9,28.9,0,0,183,16.9,,1021.6,,84.02
2024-06-18,25.9,22.8,30,0,0,188,18.4,,1023.2,,86
2024-06-19,26,22.8,31.7,0,0,184,16.6,,1026.4,,89.06
2024-06-20,27.3,23.3,34.4,0,0,196,14.4,,1024.7,,93.92
2024-06-21,29.4,23.9,36.1,0,0,239,14,,1020.1,,96.98
2024-06-22,27.2,22.2,34.4,4.8,0,80,10.8,,1015.4,,93.92
2024-06-23,27.9,21.1,35,0,0,187,18.7,,1006,,95
2024-06-24,26.2,22.2,27.2,0,0,289,30.6,,1003.5,,80.96
2024-06-25,25.8,21.1,32.8,0,0,281,22,,1011,,91.04
2024-06-26,28.5,21.1,33.9,5.1,0,197,18.4,,1006.8,,93.02
2024-06-27,24.4,20.6,30,6.1,0,303,19.1,,1008.1,,86
2024-06-28,21.8,17.8,25.6,0,0,95,15.5,,1020,,78.08
2024-06-29,22.3,19.4,27.2,1.3,0,167,22,,1020.2,,80.96
2024-06-30,25.4,20.6,31.1,3,0,212,16.9,,1012.6,,87.98
2024-07-01,22.4,18.3,26.1,0,0,343,23,,1016.2,,78.98
2024-07-02,23.9,19.4,28.3,0,0,65,13.7,,1022.9,,82.94
2024-07-03,24.4,20,28.3,0,0,191,16.9,,1021.3,,82.94
2024-07-04,24.9,21.7,30,0.8,0,180,14.4,,1013.7,,86
2024-07-05,26.7,23.3,32.2,2.8,0,181,11.9,,1009.2,,89.96
2024-07-06,26.6,22.2,33.3,3,0,158,11.9,,1010.1,,91.94
2024-07-07,28.3,23.9,32.8,0,0,41,9.7,,1014.4,,91.04
2024-07-08,28.3,23.3,33.3,0,0,97,12.2,,1016.1,,91.94
2024-07-09,26.7,23.3,31.1,0,0,168,14.8,,1014.1,,87.98
2024-07-10,28.6,23.9,31.7,0,0,171,22.3,,1010.5,,89.06
2024-07-11,27.2,23.9,32.2,0.8,0,214,17.3,,1012.8,,89.96
2024-07-12,26.9,23.3,30,1.5,0,183,12.2,,1020.4,,86
2024-07-13,26,22.8,30.6,35.6,0,179,9.4,,1019.8,,87.08
2024-07-14,27.6,23.3,32.2,0,0,129,13,,1015.9,,89.96
2024-07-15,28.6,23.9,36.1,4.6,0,191,15.5,,1010.8,,96.98
2024-07-16,31.3,24.4,36.1,0,0,186,18,,1008.4,,96.98
2024-07-17,28.9,22.8,31.7,34.8,0,202,14.4,,1009.4,,89.06
2024-07-18,25.8,23.3,30,0,0,326,15.8,,1011.9,,86
2024-07-19,25.1,20.6,29.4,0,0,354,13.3,,1018.5,,84.92
2024-07-20,25.7,22.2,30,0,0,207,13.3,,1018.5,,86
2024-07-21,26.7,24.4,30.6,0,0,198,12.2,,1016.3,,87.08
2024-07-22,26.2,21.7,28.9,3.6,0,174,14.8,,1017.2,,84.02
2024-07-23,23.2,21.1,26.1,5.1,0,48,14,,1016.4,,78.98
2024-07-24,23.1,21.7,26.1,0,0,48,15.5,,1019.1,,78.98
2024-07-25,25.6,23.3,29.4,0,0,297,14.4,,1017,,84.92
2024-07-26,24.3,20,27.8,0,0,354,17.3,,1018.4,,82.04
2024-07-27,25.6,21.1,29.4,0,0,59,9.4,,1019.7,,84.92
2024-07-28,26.2,22.8,30,0,0,62,12.6,,1019.1,,86
2024-07-29,24.4,20.6,28.9,2.3,0,151,15.1,,1014.6,,84.02
2024-07-30,26.4,23.3,30,0,0,172,20.9,,1013.7,,86
2024-07-31,27.2,24.4,35.6,2.5,0,204,18.4,,1011.6,,96.08
2024-08-01,29,25,35,0,0,271,11.2,,1013,,95
2024-08-02,30,23.9,34.4,18.5,0,145,13.7,,1011.1,,93.92
2024-08-03,27.7,23.3,33.3,26.7,0,214,12.2,,1009.4,,91.94
2024-08-04,24.8,22.8,28.9,4.3,0,221,14,,1012.7,,84.02
2024-08-05,27.2,23.9,32.8,0,0,207,11.2,,1015.1,,91.04
2024-08-06,28.1,22.2,32.8,52.1,0,211,14.4,,1012.9,,91.04
2024-08-07,20.7,18.3,22.8,3,0,65,20.9,,1014.9,,73.04
2024-08-08,19.8,18.3,21.1,6.9,0,63,17.6,,1018.2,,69.98
2024-08-09,24.9,21.1,28.9,1,0,160,29.9,,1011.7,,84.02
2024-08-10,26.4,23.9,30.6,0,0,285,17.3,,1012.3,,87.08
2024-08-11,25.3,22.2,27.8,0,0,287,13,,1014.9,,82.04
2024-08-12,23.9,21.1,27.8,0.3,0,314,11.5,,1014.7,,82.04
2024-08-13,22.9,18.9,27.2,0,0,341,14,,1015.9,,80.96
2024-08-14,25.2,21.1,29.4,0,0,13,12.6,,1016.9,,84.92
2024-08-15,26.1,21.7,31.1,0,0,331,7.9,,1016.9,,87.98
2024-08-16,26.3,22.8,29.4,0,0,58,13,,1016.6,,84.92
2024-08-17,24.1,21.1,27.2,1.3,0,134,15.8,,1015.3,,80.96
2024-08-18,24.1,21.1,28.3,75.2,0,135,18,,1010.1,,82.94
2024-08-19,24.3,21.1,30,2.8,0,327,14.4,,1005.3,,86
2024-08-20,20.5,17.2,22.8,0,0,317,24.5,,1011.5,,73.04
2024-08-21,18.9,15,23.9,0,0,303,20.9,,1016.8,,75.02
2024-08-22,20.3,16.7,25,0,0,307,15.8,,1020.9,,77
2024-08-23,23.1,18.9,27.8,0,0,272,11.2,,1024.5,,82.04
2024-08-24,24.5,20.6,29.4,0,0,282,9,,1023.6,,84.92
2024-08-25,25.2,21.7,30.6,0,0,233,11.9,,1022.5,,87.08
2024-08-26,25.3,21.7,30,0,0,92,10.1,,1020,,86
2024-08-27,24.6,20.6,30.6,0,0,86,12.2,,1018.5,,87.08
2024-08-28,27.4,23.9,34.4,0,0,271,14.4,,1014.3,,93.92
2024-08-29,25.2,21.1,27.2,0,0,65,20.5,,1021.8,,80.96
2024-08-30,21.4,17.8,23.9,6.6,0,84,16.6,,1024.4,,75.02
2024-08-31,22.5,20.6,27.2,0,0,127,12.2,,1018.4,,80.96
2024-09-01,24.7,23.3,28.3,0,0,207,13.7,,1011.8,,82.94
2024-09-02,23.8,17.8,26.1,0,0,328,20.5,,1015.3,,78.98
2024-09-03,19.5,15,23.9,0,0,29,12.6,,1025.9,,75.02
2024-09-04,20.8,17.2,25,0,0,73,9.7,,1029.7,,77
2024-09-05,20.9,17.2,23.9,0,0,46,14.8,,1027.5,,75.02
2024-09-06,20.4,17.2,25,0,0,54,13.7,,1019,,77
2024-09-07,21.4,16.7,25,8.1,0,144,16.9,,1011,,77
2024-09-08,17.4,13.9,21.7,0,0,284,20.5,,1015,,71.06
2024-09-09,19.8,15.6,25,0,0,268,16.9,,1018.2,,77
2024-09-10,22.1,18.3,26.1,0,0,318,13.7,,1018.2,,78.98
2024-09-11,21.3,17.2,25,0,0,64,11.2,,1022.1,,77
2024-09-12,21.4,18.3,27.2,0,0,79,9.4,,1023.9,,80.96
2024-09-13,22.1,18.3,27.8,0,0,31,7.6,,1023.7,,82.04
2024-09-14,23,20,27.8,0,0,92,11.2,,1023.9,,82.04
2024-09-15,22.4,18.3,25.6,0,0,69,15.5,,1026.8,,78.08
2024-09-16,20.1,17.2,24.4,0,0,63,14.4,,1026.1,,75.92
2024-09-17,21,18.9,25,0,0,58,13,,1022.6,,77
2024-09-18,21.3,19.4,23.9,0,0,40,18.4,,1017.6,,75.02
2024-09-19,23.4,20,29.4,0,0,28,13.3,,1011.9,,84.92
2024-09-20,23.4,18.9,26.7,0,0,42,20.5,,1013.4,,80.06
2024-09-21,21.1,17.8,25,0,0,41,17.6,,1015.3,,77
2024-09-22,19.3,16.1,23.3,0,0,48,16.9,,1016.3,,73.94
2024-09-23,18.2,15.6,20,0.3,0,68,18,,1017.9,,68
2024-09-24,17.7,15.6,20,0,0,67,18.4,,1020,,68
2024-09-25,18,16.7,20.6,0,0,99,18,,1021,,69.08
2024-09-26,20.1,17.8,23.9,1.3,0,150,10.1,,1017.9,,75.02
2024-09-27,21.1,18.3,22.8,0.8,0,54,13.3,,1015.9,,73.04
2024-09-28,19,16.1,20,4.8,0,65,21.6,,1014.3,,68
2024-09-29,16.7,16.1,17.8,18.5,0,61,16.2,,1016.2,,64.04
2024-09-30,18.2,16.1,21.7,0,0,49,15.5,,1017,,71.06
2024-10-01,18.1,16.1,20.6,0,0,63,18.4,,1017.3,,69.08
2024-10-02,17.1,14.4,20,0,0,64,14.8,,1016.1,,68
2024-10-03,18.6,17.2,21.7,0,0,24,6.5,,1019.9,,71.06
2024-10-04,19,16.1,23.3,0,0,192,9.7,,1022,,73.94
2024-10-05,20.2,17.2,23.3,0,0,4,13.3,,1020.3,,73.94
2024-10-06,17.9,13.9,22.2,0,0,83,12.6,,1018.1,,71.96
2024-10-07,19.9,15.6,23.9,0.3,0,269,19.4,,1010.1,,75.02
2024-10-08,16.7,12.8,21.1,0,0,292,14.8,,1012.3,,69.98
2024-10-09,17.3,12.8,21.1,0,0,301,17.6,,1012.5,,69.98
2024-10-10,14,10,17.2,0,0,320,23,,1017.1,,62.96
2024-10-11,14.2,9.4,21.7,0,0,276,15.8,,1017.1,,71.06
2024-10-12,19.4,15.6,23.3,0,0,292,18,,1012.9,,73.94
2024-10-13,17.1,13.9,20.6,0,0,49,16.9,,1010.1,,69.08
2024-10-14,15.2,9.4,19.4,0,0,349,24.1,,1004.8,,66.92
2024-10-15,10.8,7.8,15,0,0,302,22.3,,1011.6,,59
2024-10-16,11.1,7.2,15,0,0,309,20.5,,1016.7,,59
2024-10-17,10.9,7.2,15,0,0,15,14.8,,1023.3,,59
2024-10-18,14.2,10.6,19.4,0,0,359,15.1,,1029.3,,66.92
2024-10-19,16.2,11.7,22.2,0,0,16,6.1,,1031.8,,71.96
2024-10-20,16.9,11.7,24.4,0,0,236,7.6,,1025.8,,75.92
2024-10-21,19.3,12.8,27.2,0,0,302,5.8,,1021.8,,80.96
2024-10-22,21.8,16.7,27.8,0,0,96,7.9,,1023.1,,82.04
2024-10-23,19.3,15,24.4,0,0,178,14,,1017,,75.92
2024-10-24,18.6,12.2,21.1,0,0,340,19.8,,1013.3,,69.98
2024-10-25,13.3,8.9,18.3,0,0,325,14,,1019,,64.94
2024-10-26,15.9,11.7,18.3,0,0,297,21.2,,1019.5,,64.94
2024-10-27,12.1,8.9,15,0,0,282,14,,1027.9,,59
2024-10-28,12.3,9.4,16.1,0,0,47,9.4,,1029.8,,60.98
2024-10-29,14,10.6,17.8,0,0,124,15.5,,1030.3,,64.04
2024-10-30,18.3,15,25.6,0,0,214,10.8,,1025.4,,78.08
2024-10-31,21.4,16.1,28.3,0,0,213,13,,1018.7,,82.94
2024-11-01,22.9,15,27.2,0,0,247,21.2,,1014.4,,80.96
2024-11-02,14.8,8.9,16.1,0,0,333,18.7,,1025.3,,60.98
2024-11-03,9.2,5,12.8,0,0,18,11.5,,1031.1,,55.04
2024-11-04,10.8,7.8,15,0,,99,12.2,,1030.9,,59
2024-11-05,15.8,12.2,23.3,0,0,205,14,,1022.3,,73.94
2024-11-06,21.3,18.3,27.2,0,0,219,18.4,,1016.1,,80.96
2024-11-07,21.9,13.3,23.9,0,0,299,17.3,,1017.3,,75.02
2024-11-08,15.6,11.1,21.1,0,0,285,21.6,,1014.5,,69.98
2024-11-09,11.4,7.2,12.8,0,0,329,18,,1025.6,,55.04
2024-11-10,11,7.2,15,1.8,0,212,10.8,,1022.6,,59
2024-11-11,16.4,13.3,20.6,2.3,0,253,23.8,,1006.8,,69.08
2024-11-12,12.8,5.6,16.7,0,0,323,29.9,,1016.9,,62.06
2024-11-13,6.4,2.8,10.6,0,0,19,16.2,,1031,,51.08
2024-11-14,6.4,3.9,8.3,0,0,37,13.7,,1024.6,,46.94
2024-11-15,9.2,6.7,15,0,0,324,17.6,,1011.6,,59
2024-11-16,12.1,8.3,17.2,0,0,316,25.9,,1011.3,,62.96
2024-11-17,12.4,8.3,17.2,0,0,292,11.5,,1015.8,,62.96
2024-11-18,14.4,10.6,18.9,0,0,302,18.7,,1011.2,,66.02
2024-11-19,12.6,8.9,16.7,0,0,351,10.4,,1012.4,,62.06
2024-11-20,12.7,11.7,15,0,0,68,13,,1007.9,,59
2024-11-21,10.2,3.3,12.2,32.5,0,9,20.9,,999.1,,53.96
2024-11-22,4.7,3.3,5,13.2,0,220,21.2,,993.8,,41
2024-11-23,6.3,3.9,10.6,0,0,305,29.2,,1000.5,,51.08
2024-11-24,9.9,8.3,12.2,0,0,289,27.7,,1011.6,,53.96
2024-11-25,9.1,6.1,13.3,0,0,273,12.6,,1016.9,,55.94
2024-11-26,12.6,8.9,14.4,6.4,0,266,15.8,,1011.4,,57.92
2024-11-27,9.5,7.2,11.7,0,0,246,13.7,,1016,,53.06
2024-11-28,8.8,6.7,10.6,20.1,0,327,18.7,,1004.9,,51.08
2024-11-29,6.4,2.2,8.3,0,0,260,20.5,,1011.8,,46.94
2024-11-30,2.4,0,5,0,0,276,22.7,,1015.7,,41
2024-12-01,0.7,-1.6,3.9,0,0,261,21.6,,1018.7,,39.02
2024-12-02,1.8,-0.5,5,0,0,300,20.2,,1020.5,,41
2024-12-03,2.5,1.1,6.1,0,0,298,19.8,,1023.6,,42.98
2024-12-04,2.3,0.6,5.6,0.5,0,217,19.4,,1019.2,,42.08
2024-12-05,3.8,0.6,10,2.8,0,249,30.2,,1004.2,,50
2024-12-06,1,-0.5,2.2,0,0,295,29.5,,1017.9,,35.96
2024-12-07,2,0.6,5.6,0,0,263,21.6,,1019.1,,42.08
2024-12-08,6.9,3.9,12.8,0,0,250,17.3,,1010.7,,55.04
2024-12-09,8.1,4.4,11.1,4.1,0,36,10.8,,1015,,51.98
2024-12-10,8.1,7.2,10,7.6,0,52,16.2,,1017,,50
2024-12-11,12.4,6.1,15.6,27.7,0,169,22,,1004.5,,60.08
2024-12-12,5.1,-1,6.1,0,0,268,29.2,,1019.3,,42.98
2024-12-13,-0.4,-2.1,1.1,0,0,313,18.4,,1037.7,,33.98
2024-12-14,-0.9,-2.7,1.7,0,0,20,11.2,,1046.4,,35.06
2024-12-15,0.8,-1.6,6.1,1.3,0,46,13.3,,1041.5,,42.98
2024-12-16,5.9,3.9,10.6,27.7,0,85,15.5,,1028.5,,51.08
2024-12-17,12.2,10,15.6,1,0,239,19.1,,1019.9,,60.08
2024-12-18,9.8,5.6,12.2,8.6,0,352,11.2,,1020.4,,53.96
2024-12-19,6.4,2.8,7.2,1,0,330,20.9,,1022.9,,44.96
2024-12-20,2.7,1.1,3.9,1,0,31,20.9,,1017.1,,39.02
2024-12-21,-0.1,-6,1.1,3,51,323,29.5,,1017.6,,33.98
2024-12-22,-6.3,-9.3,-5.5,0,25,328,24.1,,1031.3,,22.1
2024-12-23,-7.6,-11,-0.5,0,0,334,10.8,,1035.8,,31.1
2024-12-24,0.4,-1,4.4,1.5,0,283,15.5,,1025.7,,39.92
2024-12-25,1.6,-2.1,2.2,0,0,2,13,,1028.6,,35.96
2024-12-26,-0.8,-3.2,3.3,0,0,6,8.6,,1031.4,,37.94
2024-12-27,0.9,-2.1,6.1,0,0,147,7.2,,1030.2,,42.98
2024-12-28,5.8,3.9,10,14.2,0,349,5,,1024.6,,50
2024-12-29,10,7.2,15.6,5.6,0,122,16.2,,1016.9,,60.08
2024-12-30,12.9,10,14.4,10.7,0,225,24.5,,1004.9,,57.92
2024-12-31,9.8,6.7,11.7,10.4,0,43,15,,1009.5,,53.06
2025-01-01,8.2,4.4,11.1,0,0,281,25.9,,1001.4,,51.98
2025-01-02,4.8,1.7,6.7,0,0,264,32.8,,1012.5,,44.06
2025-01-03,2.2,0,4.4,0,0,268,23,,1011.3,,39.92
2025-01-04,0.3,-1.6,1.1,0,0,290,35.6,,1011.3,,33.98
2025-01-05,-0.9,-2.1,1.1,0,0,280,26.6,,1016.4,,33.98
2025-01-06,-0.9,-4.9,0,1,0,358,15.5,,1010.1,,32
2025-01-07,-3.2,-6.6,1.1,0,0,309,39.2,,1010,,33.98
2025-01-08,-2.4,-4.3,-0.5,0,0,300,38.5,,1012.2,,31.1
2025-01-09,-2.7,-4.3,1.1,0,0,306,40.3,,1007.9,,33.98
2025-01-10,0.2,-2.1,5,0,0,306,21.2,,1011.8,,41
2025-01-11,0.9,-1.6,2.2,0.5,0,314,17.6,,1002.2,,35.96
2025-01-12,1.9,-0.5,6.1,0,0,309,14.8,,1014.8,,42.98
2025-01-13,3.8,1.1,6.7,0,0,238,18,,1014.1,,44.06
2025-01-14,0.8,-3.2,2.2,0,0,294,28.4,,1015.7,,35.96
2025-01-15,-2.2,-4.3,0.6,0,0,311,29.2,,1020,,33.08
2025-01-16,-2.2,-3.8,-0.5,0,0,243,16.9,,1014.6,,31.1
2025-01-17,0.4,-2.7,6.7,0,0,269,15.5,,1017.2,,44.06
2025-01-18,4.7,2.2,7.8,2.8,0,172,15.1,,1013,,46.04
2025-01-19,3.8,-3.2,5,4.6,76,346,18.4,,1007.7,,41
2025-01-20,-3.8,-7.7,-2.1,0,51,292,25.2,,1022.8,,28.22
2025-01-21,-7.9,-10.5,-6.6,0,50,281,18,,1032.8,,20.12
2025-01-22,-8.2,-10.5,-6,0,30,334,13,,1032.4,,21.2
2025-01-23,-5.3,-7.7,-1,0,30,234,13.3,,1024.7,,30.2
2025-01-24,-1.9,-3.8,1.1,0,30,299,18.4,,1021.9,,33.98
2025-01-25,-2.1,-4.9,0.6,0,30,264,13.3,,1025.8,,33.08
2025-01-26,2.4,0,6.7,0,0,260,16.9,,1020.3,,44.06
2025-01-27,2.9,0.6,5.6,0,0,237,22,,1012.9,,42.08
2025-01-28,3.8,0.6,5.6,0,0,268,24.8,,1002.9,,42.08
2025-01-29,5.8,0,11.7,0,0,254,32,,1000.7,,53.06
2025-01-30,0.4,-3.2,3.3,0,0,290,21.6,,1022,,37.94
2025-01-31,5.2,3.3,10,4.1,0,205,10.8,,1011.2,,50
2025-02-01,4.7,-5.5,10,0,0,345,21.6,,1018.2,,50
2025-02-02,-4.8,-7.7,0,2.5,0,35,14.4,,1031.7,,32
2025-02-03,2.7,-0.5,9.4,0,0,189,9.4,,1017.2,,48.92
2025-02-04,6.9,-0.5,10,0,0,309,27,,1015.1,,50
2025-02-05,-0.1,-2.7,2.8,0,0,347,17.6,,1028.2,,37.04
2025-02-06,0.9,-1.6,4.4,8.1,0,122,13.7,,1015.7,,39.92
2025-02-07,4.2,-1,7.2,0,0,285,25.9,,1014.9,,44.96
2025-02-08,-0.6,-2.7,2.2,14.7,0,349,13,,1023.1,,35.96
2025-02-09,0.4,-0.5,2.2,1.3,50,330,15.8,,1017.1,,35.96
2025-02-10,1.8,-0.5,3.3,0,50,322,18.4,,1027.8,,37.94
2025-02-11,0,-2.7,2.2,3,30,310,7.2,,1028.3,,35.96
2025-02-12,0.6,-0.5,2.2,2.5,50,50,18.4,,1024.1,,35.96
2025-02-13,3.3,1.1,8.3,4.6,0,351,23,,1013.4,,46.94
2025-02-14,1.8,-1,2.8,0,0,305,27.4,,1031.8,,37.04
2025-02-15,-0.2,-2.1,2.2,9.4,0,85,14.4,,1027.3,,35.96
2025-02-16,2.1,1.1,9.4,20.1,0,27,27,,996.4,,48.92
2025-02-17,1.9,-2.7,3.3,0,0,283,40.3,,1008.3,,37.94
2025-02-18,-3.6,-6.6,-2.1,0,0,298,31.3,,1021.1,,28.22
2025-02-19,-4.3,-7.2,-1,0,,303,23.8,,1024.5,,30.2
2025-02-20,-5,-7.2,-3.4,1.1,,328,21.9,,1015.5,,25.88
2025-02-21,-3.6,-5.5,-1.1,0,,312,34.3,,1021.8,,30.02
2025-02-22,-1,-5.3,2.9,,,275,18.5,,1026,,37.22